customerNumber (CIF),cardLast4Digits,transactionDate,transactionTime,transactionAmount,transactionType,merchantName,merchantCity,merchantState,merchantZip,stateCode
95022187,7265,06/23/2021,1:03,2519,china-unionpay,Oyoba,Tampa,Florida,2731,FL
15047698,6787,06/04/2021,23:48,60084,jcb,Shuffletag,Duluth,Minnesota,4184,MN
57952978,1754,06/12/2021,7:06,92967,china-unionpay,Dablist,Youngstown,Ohio,7236,OH
79179936,2685,06/15/2021,12:59,54449,jcb,Bluezoom,Salt Lake City,Utah,8550,UT
89848202,2101,07/19/2021,0:16,33006,mastercard,Divanoodle,Evansville,Indiana,9939,IN
84838947,9839,05/29/2021,9:43,67891,jcb,Pixope,Portland,Oregon,7135,OR
34561437,3856,07/04/2021,11:09,47815,laser,Jaxnation,Woburn,Massachusetts,1578,MA
21680879,6537,08/23/2021,0:21,83747,mastercard,Gabtype,Cincinnati,Ohio,4535,OH
40882925,6938,06/26/2021,7:51,93831,americanexpress,Rhybox,Lincoln,Nebraska,8250,NE
86147816,6524,02/21/2022,2:02,83576,jcb,Kare,Atlanta,Georgia,8692,GA
96623067,7886,07/28/2021,6:24,73137,jcb,Agivu,Washington,District of Columbia,2960,DC
93520334,5239,05/06/2021,17:25,64851,jcb,Pixope,Houston,Texas,4182,TX
54819238,6322,08/25/2021,3:02,49345,visa-electron,Oyoloo,Syracuse,New York,3192,NY
98937734,2570,06/04/2021,15:25,97164,jcb,Browsetype,New Haven,Connecticut,1376,CT
69192175,4573,09/10/2021,16:23,68445,jcb,Topicstorm,Baton Rouge,Louisiana,4419,LA
79227114,8167,10/28/2021,15:41,79724,maestro,Quatz,San Antonio,Texas,3025,TX
31440748,5122,06/08/2021,20:43,44148,mastercard,Digitube,Chicago,Illinois,2016,IL
74500840,4800,03/07/2022,2:21,25281,jcb,Wordify,Charlotte,North Carolina,7602,NC
66696133,7839,07/06/2021,10:28,26985,maestro,Agivu,Wilmington,Delaware,9911,DE
60973432,4011,05/28/2021,5:12,9936,laser,Realcube,Fredericksburg,Virginia,2431,VA
87212487,6933,09/25/2021,19:54,25181,jcb,Dabtype,Memphis,Tennessee,2430,TN
65272510,3469,08/22/2021,23:52,68114,jcb,Browseblab,Raleigh,North Carolina,1457,NC
86167302,2691,08/28/2021,22:43,58332,jcb,Camimbo,Lima,Ohio,5749,OH
62612741,6371,08/16/2021,6:10,56039,switch,Yakidoo,San Jose,California,5602,CA
46466163,5420,04/24/2021,17:45,64146,maestro,Vimbo,Clearwater,Florida,5389,FL
57101927,3677,07/18/2021,17:05,15219,jcb,Agivu,Phoenix,Arizona,3058,AZ
97907733,5710,02/14/2022,1:10,26253,instapayment,BlogXS,Orange,California,3948,CA
24919636,6322,03/22/2022,23:42,7151,bankcard,Dynava,New Brunswick,New Jersey,3049,NJ
89515946,9757,04/07/2021,9:51,96439,diners-club-enroute,Rhybox,Nashville,Tennessee,2942,TN
52847111,4110,12/08/2021,9:45,28493,diners-club-enroute,Dynazzy,Lima,Ohio,6542,OH
89559252,5438,04/02/2022,3:20,46899,maestro,Feedmix,Richmond,Virginia,8699,VA
72760731,8669,09/07/2021,14:44,4333,visa,Blogspan,Minneapolis,Minnesota,9900,MN
85709701,3124,04/07/2021,6:58,39660,diners-club-enroute,Ailane,Toledo,Ohio,2768,OH
37523225,8939,03/10/2022,10:41,10580,jcb,Meembee,Punta Gorda,Florida,3267,FL
92359220,9972,09/27/2021,13:03,64771,visa-electron,Twitterbeat,Muskegon,Michigan,7190,MI
85635268,3765,09/24/2021,16:31,33920,diners-club-carte-blanche,Pixope,San Jose,California,9560,CA
52578955,5421,08/11/2021,2:29,62644,americanexpress,Vinte,Indianapolis,Indiana,4725,IN
95334627,6428,01/07/2022,14:58,22983,laser,Jayo,Boston,Massachusetts,4250,MA
67700273,1381,12/19/2021,2:55,33361,jcb,Yoveo,Knoxville,Tennessee,5294,TN
20131698,9560,04/04/2022,21:39,95488,visa,Zoomzone,Miami,Florida,4585,FL
70177772,1379,02/23/2022,6:38,73637,mastercard,Jaxspan,El Paso,Texas,4415,TX
60328443,4690,08/02/2021,1:25,63422,jcb,Ainyx,Abilene,Texas,4747,TX
48381676,1403,10/10/2021,17:19,39444,americanexpress,Babbleopia,Akron,Ohio,3891,OH
53886579,6842,01/20/2022,15:53,12457,mastercard,Zazio,Houston,Texas,1637,TX
36156039,8277,07/11/2021,18:41,76630,solo,Kazio,Virginia Beach,Virginia,6663,VA
83581095,4666,10/13/2021,7:02,3676,diners-club-carte-blanche,Trudoo,Kansas City,Missouri,4904,MO
26715926,8778,03/09/2022,7:12,37920,diners-club-carte-blanche,Katz,Shreveport,Louisiana,1398,LA
77842254,1596,10/25/2021,0:29,32588,visa,Flashset,New Orleans,Louisiana,9058,LA
78168282,8861,02/05/2022,16:26,19569,china-unionpay,Fivespan,Richmond,Virginia,1538,VA
45505871,7696,11/04/2021,9:02,96280,diners-club-enroute,Realmix,Tampa,Florida,6076,FL
88568473,7394,10/05/2021,10:11,76710,switch,Buzzshare,Monticello,Minnesota,9683,MN
40904501,5054,03/26/2022,17:35,33034,jcb,Mybuzz,Torrance,California,9777,CA
71352889,3488,06/24/2021,10:18,25582,solo,Feedfire,Arlington,Virginia,4670,VA
17770853,5049,01/15/2022,2:00,30530,diners-club-carte-blanche,Trilith,El Paso,Texas,7699,TX
40380536,6282,06/08/2021,19:07,63802,jcb,Myworks,Washington,District of Columbia,6042,DC
15484453,2197,09/14/2021,0:25,55627,diners-club-enroute,Browsezoom,Cleveland,Ohio,5320,OH
89768277,4487,12/20/2021,14:33,2345,jcb,Jaxbean,Wichita Falls,Texas,7944,TX
86523079,7898,10/27/2021,14:15,66474,jcb,Ozu,Modesto,California,4027,CA
57832594,6853,11/08/2021,18:01,97368,mastercard,Zoombox,Charleston,West Virginia,1287,WV
51461722,3665,11/02/2021,4:34,11850,mastercard,Feedfish,Saginaw,Michigan,1177,MI
69018477,7879,07/21/2021,14:28,96889,americanexpress,Vimbo,Orlando,Florida,2790,FL
20487369,8397,07/16/2021,12:36,14833,jcb,Tagtune,Jamaica,New York,5833,NY
98725971,2045,11/24/2021,5:33,93208,jcb,Zoombeat,Melbourne,Florida,2390,FL
36270915,7191,12/20/2021,22:52,16961,jcb,Meemm,Durham,North Carolina,5362,NC
16508556,1751,09/02/2021,6:12,91356,jcb,Myworks,Dallas,Texas,9450,TX
39722898,3886,08/11/2021,9:06,78392,mastercard,Wordpedia,Columbia,South Carolina,9024,SC
68324163,3350,06/15/2021,20:36,84975,jcb,Katz,Brooklyn,New York,5390,NY
26560704,4776,07/15/2021,2:52,34903,visa-electron,Rooxo,Sunnyvale,California,5506,CA
58321387,4750,04/15/2021,14:19,11527,laser,Dynava,Ocala,Florida,2001,FL
68692162,8733,12/09/2021,8:32,75783,jcb,Feedfish,Salinas,California,1639,CA
32753166,5819,08/05/2021,17:31,79581,maestro,Voolith,Lincoln,Nebraska,3740,NE
57024404,2979,06/21/2021,9:55,24780,jcb,Twitterbridge,Fresno,California,1676,CA
75546550,2159,09/10/2021,12:52,3179,diners-club-carte-blanche,Avavee,Sacramento,California,4029,CA
65020809,9603,07/05/2021,22:43,18399,visa-electron,Linktype,Edmond,Oklahoma,8105,OK
61372816,2651,11/18/2021,19:33,62583,visa,Edgewire,Washington,District of Columbia,7131,DC
35214356,3030,09/10/2021,13:36,56373,jcb,Shufflebeat,North Port,Florida,7768,FL
64525374,3579,07/26/2021,2:48,72348,jcb,Linkbridge,Miami,Florida,9361,FL
69800352,6475,12/30/2021,2:14,3297,maestro,Gabspot,Chicago,Illinois,6818,IL
54308537,2131,01/16/2022,16:04,88231,jcb,Trudoo,Allentown,Pennsylvania,7784,PA
29054450,7292,04/16/2021,0:29,10526,bankcard,Jamia,Dulles,Virginia,6594,VA
63863977,6695,11/29/2021,1:41,71929,jcb,Podcat,Lincoln,Nebraska,2854,NE
55292904,1157,03/22/2022,9:01,37675,jcb,Yadel,Bradenton,Florida,4952,FL
97725173,9504,11/17/2021,20:02,92467,maestro,Flipstorm,Portland,Oregon,8181,OR
32857437,7942,01/03/2022,21:15,36913,maestro,Babblestorm,Anderson,Indiana,1559,IN
82485793,6079,10/08/2021,2:32,99172,switch,Lajo,Jacksonville,Florida,3713,FL
76720243,1743,09/03/2021,0:16,28570,jcb,Quinu,Salt Lake City,Utah,3729,UT
61956311,6470,01/04/2022,15:11,45982,diners-club-enroute,Gabvine,Mesa,Arizona,9377,AZ
50561905,6986,10/18/2021,18:56,25996,china-unionpay,Buzzbean,Richmond,Virginia,8705,VA
62939656,6425,03/17/2022,18:49,60206,jcb,Demimbu,Memphis,Tennessee,4059,TN
16562879,2479,08/30/2021,4:41,60071,jcb,Zazio,South Bend,Indiana,9676,IN
21660205,4533,12/20/2021,17:15,8104,americanexpress,Zoonder,Charlotte,North Carolina,6387,NC
71697299,2192,05/27/2021,7:26,6044,switch,Thoughtstorm,Richmond,Virginia,7891,VA
40489356,1380,05/27/2021,14:21,8703,americanexpress,Gabcube,Washington,District of Columbia,5294,DC
89907067,2727,01/16/2022,17:15,54063,visa,Fivespan,Detroit,Michigan,9689,MI
94017182,3306,12/05/2021,6:14,79561,visa-electron,Katz,Charlotte,North Carolina,1300,NC
65005964,9227,10/31/2021,7:23,95273,diners-club-enroute,Youspan,Bonita Springs,Florida,2162,FL
45610745,3997,09/06/2021,20:43,68829,switch,Browsetype,Dayton,Ohio,6257,OH
63533846,8852,11/02/2021,13:42,67306,diners-club-enroute,Feedmix,Peoria,Illinois,8552,IL
79996947,5251,11/23/2021,0:09,92890,solo,Demimbu,Topeka,Kansas,5738,KS
88305993,2885,05/23/2021,4:35,29034,instapayment,Pixonyx,Cincinnati,Ohio,1704,OH
32872036,8243,02/02/2022,5:14,93251,diners-club-enroute,Camimbo,Amarillo,Texas,9824,TX
92934453,8821,10/22/2021,23:30,38531,jcb,Wikido,Detroit,Michigan,4262,MI
81886213,9807,06/18/2021,15:08,77530,jcb,Oodoo,Los Angeles,California,4976,CA
52192942,8976,12/27/2021,21:15,6440,diners-club-enroute,Skiptube,West Palm Beach,Florida,4034,FL
43206345,3947,10/10/2021,22:44,74081,maestro,Skaboo,Warren,Michigan,4521,MI
89366220,8871,07/21/2021,16:28,23971,jcb,Vidoo,Augusta,Georgia,9393,GA
64709891,3199,02/24/2022,9:38,84377,diners-club-carte-blanche,Fivebridge,New York City,New York,6140,NY
59671092,8483,02/19/2022,23:20,43847,switch,Eadel,Santa Fe,New Mexico,7449,NM
16554605,5982,09/22/2021,12:24,76556,americanexpress,Zoomcast,Atlanta,Georgia,9084,GA
47393055,5821,02/14/2022,2:25,24405,jcb,Voomm,Bronx,New York,6499,NY
42040962,8677,03/23/2022,5:19,80489,switch,Eimbee,San Bernardino,California,5837,CA
73137697,9599,04/13/2021,5:36,48033,maestro,Gabcube,Honolulu,Hawaii,4898,HI
66569647,2797,11/17/2021,18:13,33262,jcb,Wordpedia,New York City,New York,1618,NY
50918217,1639,03/20/2022,20:48,98432,jcb,Brightdog,El Paso,Texas,5071,TX
49951886,2188,07/12/2021,5:44,55263,mastercard,Browsecat,Durham,North Carolina,5665,NC
60935936,8022,11/29/2021,16:46,65733,jcb,Avamba,White Plains,New York,8800,NY
82923919,8999,01/15/2022,18:10,60191,jcb,Thoughtsphere,Suffolk,Virginia,8542,VA
81047364,8884,09/27/2021,2:08,49640,mastercard,Buzzdog,Boulder,Colorado,8136,CO
48354393,5668,11/29/2021,9:56,50983,jcb,Topicshots,Sioux Falls,South Dakota,9402,SD
54110908,2221,10/03/2021,0:05,28072,americanexpress,Oozz,Albuquerque,New Mexico,5058,NM
41757300,9438,03/29/2022,13:38,73065,china-unionpay,Gabvine,Lubbock,Texas,7140,TX
25827318,1705,06/28/2021,7:24,38916,jcb,Rhynyx,Lancaster,California,5544,CA
62628205,2059,05/14/2021,5:22,75492,jcb,Zoomlounge,Philadelphia,Pennsylvania,2179,PA
41456504,1897,10/18/2021,20:25,90588,jcb,Voonix,San Jose,California,8365,CA
98492967,5845,06/02/2021,0:21,16664,maestro,Zoomdog,Saint Paul,Minnesota,3585,MN
83508047,9565,12/11/2021,21:27,16761,jcb,Oyoba,Glendale,Arizona,1684,AZ
82876037,2896,11/13/2021,12:00,74037,mastercard,Lazz,Norcross,Georgia,2245,GA
58497616,6613,02/27/2022,2:03,60585,jcb,Livetube,Seattle,Washington,8125,WA
87735306,3097,11/01/2021,1:48,90357,jcb,Topicshots,Norwalk,Connecticut,5029,CT
60372941,9639,02/17/2022,12:30,65403,jcb,Innojam,Montgomery,Alabama,3066,AL
98152025,7051,05/05/2021,3:38,74131,diners-club-enroute,Twimm,Rochester,New York,3247,NY
24567343,1733,12/18/2021,21:55,43139,jcb,Kwimbee,Fort Pierce,Florida,6060,FL
34814834,5020,10/11/2021,21:34,56076,jcb,Mybuzz,Cincinnati,Ohio,3116,OH
60427194,4971,07/19/2021,15:42,97216,mastercard,Avamm,Marietta,Georgia,2237,GA
41722848,3788,05/17/2021,19:58,71693,jcb,Tekfly,Mesa,Arizona,1986,AZ
13672319,8239,11/03/2021,9:17,85266,jcb,Photospace,Raleigh,North Carolina,4487,NC
24328111,1279,04/17/2021,8:37,41899,jcb,Blogtags,Salt Lake City,Utah,1247,UT
69001754,8927,06/20/2021,22:33,71270,jcb,Devbug,Indianapolis,Indiana,2611,IN
27831180,2457,05/30/2021,11:49,55995,jcb,Babbleblab,Amarillo,Texas,1198,TX
42086884,5925,11/19/2021,15:06,14445,americanexpress,Tagtune,Fairbanks,Alaska,5698,AK
30382050,1536,09/08/2021,14:31,74966,jcb,Gigashots,Jamaica,New York,9404,NY
71809535,5207,01/21/2022,22:46,96716,diners-club-us-ca,Linklinks,Laredo,Texas,7573,TX
96382713,6846,07/15/2021,23:52,67951,switch,Browsecat,Birmingham,Alabama,6584,AL
47695738,9178,05/07/2021,0:22,40290,jcb,Mynte,Toledo,Ohio,9436,OH
64631777,6538,05/01/2021,7:08,28943,jcb,Kazu,Huntsville,Alabama,8770,AL
51034056,5810,06/17/2021,9:50,53238,bankcard,Eare,Orange,California,4669,CA
58122028,5914,06/13/2021,12:21,75994,diners-club-carte-blanche,Linktype,Spokane,Washington,1750,WA
85633203,4350,12/10/2021,13:54,5693,jcb,Wikibox,Indianapolis,Indiana,2606,IN
14016809,6495,04/05/2022,0:16,57623,bankcard,Feedfire,New York City,New York,8999,NY
50516473,7336,04/17/2021,8:40,29587,laser,Topiczoom,Memphis,Tennessee,6466,TN
41515337,5267,12/14/2021,23:02,28081,bankcard,Meevee,Portland,Oregon,9682,OR
32167892,8160,11/23/2021,16:04,15533,visa,Gabspot,Lincoln,Nebraska,6782,NE
20578841,1564,06/24/2021,6:12,2773,mastercard,Podcat,Ogden,Utah,5315,UT
49728875,8719,03/30/2022,19:01,58277,jcb,Twimm,Pasadena,California,2707,CA
79447919,1571,07/18/2021,18:55,47209,jcb,Agimba,Philadelphia,Pennsylvania,1182,PA
14108764,3390,12/30/2021,9:16,39308,mastercard,Edgewire,Racine,Wisconsin,6531,WI
61187609,5726,03/10/2022,8:28,74483,bankcard,Jatri,Lincoln,Nebraska,9121,NE
48794089,8235,07/24/2021,1:41,27893,jcb,Zoomcast,San Francisco,California,7466,CA
23742121,6863,02/11/2022,8:49,70488,jcb,Divanoodle,Van Nuys,California,7284,CA
62018040,8159,04/22/2021,5:56,63795,china-unionpay,Flashpoint,Denver,Colorado,6669,CO
69001233,8232,04/27/2021,6:14,23121,americanexpress,Izio,Fullerton,California,6608,CA
27575292,8723,01/18/2022,8:16,60734,diners-club-enroute,Roodel,Houston,Texas,7795,TX
86619411,4706,04/01/2022,21:09,56174,solo,Ailane,Morgantown,West Virginia,1295,WV
95443182,5003,07/16/2021,19:45,75606,diners-club-international,Podcat,San Antonio,Texas,1992,TX
53128606,6152,11/05/2021,9:43,20301,jcb,Shufflester,Louisville,Kentucky,7930,KY
84359138,3859,09/14/2021,14:54,63005,laser,Voomm,Erie,Pennsylvania,6456,PA
89162781,6797,02/25/2022,18:17,45294,jcb,Zoovu,Abilene,Texas,3119,TX
89114756,6594,09/17/2021,17:17,70073,americanexpress,Yata,Syracuse,New York,8007,NY
82412493,3551,12/02/2021,0:48,79852,maestro,Yakidoo,Montgomery,Alabama,9894,AL
58722783,3312,01/20/2022,19:42,96872,china-unionpay,Tagopia,Roanoke,Virginia,1958,VA
93952440,7303,12/09/2021,2:06,68980,jcb,Photospace,Las Vegas,Nevada,2942,NV
16683887,6079,09/07/2021,7:27,36023,mastercard,Thoughtbridge,Tulsa,Oklahoma,6770,OK
95811461,6083,06/23/2021,22:37,65404,diners-club-carte-blanche,Dablist,Washington,District of Columbia,6843,DC
57349582,9865,02/14/2022,5:40,36238,mastercard,Wordify,Austin,Texas,2191,TX
44595476,1121,12/05/2021,21:21,80242,jcb,Viva,Murfreesboro,Tennessee,6205,TN
18658615,4748,10/27/2021,23:07,94578,americanexpress,Centidel,Miami,Florida,1696,FL
21483752,4238,05/26/2021,14:18,21724,diners-club-us-ca,Snaptags,Indianapolis,Indiana,1620,IN
36741887,7471,01/22/2022,15:32,59402,switch,Centidel,West Hartford,Connecticut,8396,CT
39506654,8460,01/15/2022,19:32,97282,mastercard,Edgetag,Aurora,Illinois,6613,IL
48962837,3332,08/27/2021,4:54,54499,maestro,Skaboo,Albuquerque,New Mexico,9480,NM
53209784,5863,08/24/2021,10:56,64568,switch,Yadel,South Bend,Indiana,3037,IN
75846495,7015,06/09/2021,13:29,41159,mastercard,Livetube,Houston,Texas,3480,TX
85315471,7844,05/07/2021,14:36,80927,visa-electron,Midel,Atlanta,Georgia,3031,GA
15842876,7684,10/30/2021,16:11,57153,jcb,Youopia,Grand Rapids,Michigan,9465,MI
71041916,5100,05/08/2021,12:09,88526,jcb,Meemm,San Diego,California,9847,CA
17924806,2667,03/28/2022,13:22,72487,jcb,Mymm,East Saint Louis,Illinois,2503,IL
17880029,6961,11/05/2021,15:45,41873,jcb,Twiyo,Nashville,Tennessee,4860,TN
39977310,9432,11/03/2021,2:23,33179,diners-club-carte-blanche,Skajo,Saint Louis,Missouri,4454,MO
27124950,6185,05/09/2021,18:29,86863,mastercard,Realcube,Richmond,Virginia,7579,VA
50085605,6628,02/01/2022,17:58,27227,jcb,Skilith,Seattle,Washington,9010,WA
83044417,3566,11/11/2021,15:19,35363,mastercard,Skinix,Chicago,Illinois,6956,IL
25828065,4036,01/30/2022,21:27,53790,americanexpress,Flipstorm,Roanoke,Virginia,7517,VA
33779025,7740,09/24/2021,21:09,35743,visa-electron,Oyondu,Minneapolis,Minnesota,1265,MN
57714050,7953,10/03/2021,11:44,88831,visa-electron,Babbleset,Mobile,Alabama,8533,AL
37328148,6680,04/14/2021,7:07,95556,visa-electron,Dazzlesphere,San Diego,California,7846,CA
27527657,4358,04/01/2022,10:41,364,jcb,Trudoo,Memphis,Tennessee,7293,TN
18445044,8036,03/15/2022,1:30,29598,jcb,Thoughtbridge,Rochester,New York,2313,NY
90827736,6378,08/09/2021,7:00,61094,diners-club-carte-blanche,Jaxbean,San Diego,California,4302,CA
39534015,4448,03/26/2022,11:50,62357,jcb,Jayo,San Diego,California,2346,CA
65414784,8018,05/27/2021,14:37,17839,americanexpress,Yombu,Washington,District of Columbia,3648,DC
98320785,1794,01/20/2022,15:46,62055,jcb,Realcube,Midland,Texas,1886,TX
86208284,5898,08/13/2021,7:04,74423,americanexpress,Flipbug,Los Angeles,California,9107,CA
76668392,5633,03/14/2022,3:39,3551,diners-club-carte-blanche,Flipstorm,Albuquerque,New Mexico,2753,NM
46402726,3195,09/13/2021,6:29,40863,americanexpress,Zoomzone,San Jose,California,3374,CA
80313510,9120,07/09/2021,10:32,14100,jcb,Chatterpoint,Camden,New Jersey,3571,NJ
71190014,5396,03/24/2022,2:43,76880,mastercard,Fivechat,Saint Louis,Missouri,5006,MO
67642152,6903,11/07/2021,14:50,43717,jcb,Feedfish,Kansas City,Kansas,1129,KS
58294644,8560,07/17/2021,22:43,572,americanexpress,Flashpoint,Saint Louis,Missouri,6510,MO
70937810,7244,04/07/2021,18:40,10556,diners-club-carte-blanche,Thoughtblab,Corpus Christi,Texas,8268,TX
84115948,4716,05/11/2021,3:48,63493,jcb,Yamia,Kansas City,Missouri,4158,MO
76457474,5452,11/28/2021,2:35,75485,jcb,Photobean,Irvine,California,8660,CA
55304984,8319,02/15/2022,17:06,3335,diners-club-enroute,Edgepulse,Virginia Beach,Virginia,8032,VA
62398734,8849,07/23/2021,4:33,3618,bankcard,Avavee,Sacramento,California,5581,CA
68907110,5812,01/14/2022,12:26,47220,americanexpress,Zazio,Indianapolis,Indiana,7605,IN
13923145,3502,06/24/2021,16:27,39849,jcb,Latz,New York City,New York,6061,NY
76891244,6869,02/19/2022,16:58,13190,laser,Skinder,Petaluma,California,8093,CA
66796584,7393,03/11/2022,5:31,67021,mastercard,Einti,Washington,District of Columbia,6379,DC
52430355,9379,05/13/2021,18:04,94965,jcb,Yozio,Colorado Springs,Colorado,6180,CO
94673681,6394,10/20/2021,16:33,57603,jcb,Pixonyx,Panama City,Florida,2121,FL
43193249,5039,08/31/2021,20:51,69516,jcb,Jaxnation,San Diego,California,2345,CA
74320467,6989,03/30/2022,19:39,2858,solo,Photobean,Wilmington,Delaware,3499,DE
34232735,2727,07/03/2021,4:00,61653,visa-electron,Zoomdog,Birmingham,Alabama,4816,AL
85665919,4418,09/17/2021,5:05,10767,visa,Aimbo,Houston,Texas,8446,TX
85766877,9317,09/11/2021,20:58,26122,jcb,Realbuzz,Fresno,California,8372,CA
70691107,7998,10/15/2021,23:33,80615,jcb,Eimbee,Visalia,California,9487,CA
21522467,4315,06/09/2021,2:09,92428,mastercard,Skidoo,Jacksonville,Florida,7702,FL
55237238,4930,03/21/2022,14:14,63255,americanexpress,Kwimbee,Salt Lake City,Utah,7424,UT
66799729,3911,11/28/2021,8:25,25623,solo,Gabtune,Saint Louis,Missouri,8804,MO
77544055,9633,09/17/2021,19:24,78421,laser,Realcube,Monticello,Minnesota,5338,MN
58644053,7619,01/26/2022,12:50,68973,jcb,Babblestorm,Gary,Indiana,3756,IN
65964774,3820,09/30/2021,23:45,62543,diners-club-enroute,Twitterlist,Columbus,Georgia,4683,GA
70730604,5027,12/03/2021,15:35,82607,mastercard,Topdrive,Tacoma,Washington,5451,WA
81193326,4565,07/02/2021,5:40,535,jcb,Cogilith,Corpus Christi,Texas,3650,TX
20784142,5915,08/19/2021,23:50,71302,jcb,Quaxo,Gainesville,Florida,2369,FL
27275209,2554,10/21/2021,15:35,18726,jcb,Browsecat,El Paso,Texas,9924,TX
73091141,6585,09/22/2021,9:04,32472,jcb,Zoomdog,Dallas,Texas,7625,TX
94548685,1870,09/27/2021,10:11,50684,visa,Zoonoodle,Pasadena,California,1806,CA
26655692,9107,05/05/2021,0:27,61422,diners-club-us-ca,Meejo,Tucson,Arizona,9470,AZ
27583234,1561,07/03/2021,10:56,83352,jcb,Voonder,Anderson,Indiana,3459,IN
41879127,8206,10/11/2021,16:57,37304,jcb,Skiba,Houston,Texas,3261,TX
69171146,5369,05/08/2021,13:53,96257,jcb,Livepath,Oklahoma City,Oklahoma,2076,OK
91553270,3157,12/30/2021,12:35,84905,maestro,Kayveo,Fort Pierce,Florida,6487,FL
57231714,1464,10/08/2021,21:12,17212,jcb,Ntag,Fayetteville,North Carolina,2045,NC
90829219,2479,01/05/2022,6:31,72389,jcb,Voomm,Los Angeles,California,6910,CA
35736643,6419,04/25/2021,5:05,40436,jcb,Voonyx,Juneau,Alaska,6491,AK
23739217,3134,06/06/2021,7:18,68838,switch,Eire,Henderson,Nevada,4755,NV
55605461,6142,12/20/2021,6:16,64461,visa,Bluezoom,Mc Keesport,Pennsylvania,3212,PA
33823038,6861,05/03/2021,11:26,70128,jcb,Zoonder,Houston,Texas,3588,TX
95848915,3508,06/09/2021,18:20,75837,visa,Eadel,Minneapolis,Minnesota,8398,MN
60449963,6559,05/07/2021,19:56,36105,switch,Dynabox,Danbury,Connecticut,4316,CT
12742634,7877,03/14/2022,6:00,62008,jcb,Dynava,Ridgely,Maryland,3093,MD
81250926,1664,12/09/2021,7:04,56677,visa-electron,Wikido,Littleton,Colorado,1447,CO
69329980,3640,08/28/2021,7:07,66413,americanexpress,Feedfire,San Diego,California,9718,CA
92712730,1637,06/11/2021,4:57,75274,china-unionpay,Tambee,Washington,District of Columbia,1768,DC
60572771,6628,01/25/2022,21:45,17311,visa-electron,Quinu,Roanoke,Virginia,8498,VA
69495059,7025,01/01/2022,17:41,7975,mastercard,Fliptune,Washington,District of Columbia,9598,DC
39614688,8242,05/26/2021,18:10,93563,switch,Twimbo,Dallas,Texas,2715,TX
49276920,2597,08/22/2021,16:54,63172,jcb,Topicshots,Los Angeles,California,1739,CA
33288568,5680,05/26/2021,16:17,8587,mastercard,Devbug,Washington,District of Columbia,8532,DC
87270733,6216,04/05/2022,12:46,45146,americanexpress,Quatz,San Diego,California,1190,CA
79500149,7243,05/29/2021,17:52,43252,jcb,Pixoboo,Great Neck,New York,7078,NY
58021437,4100,01/06/2022,13:31,20603,bankcard,Avaveo,Elmira,New York,7649,NY
39046167,9011,07/01/2021,3:26,1646,jcb,Babbleblab,Fort Worth,Texas,2879,TX
45405702,6101,04/03/2022,7:53,91221,china-unionpay,Lazzy,Reston,Virginia,1694,VA
12336111,6439,12/18/2021,23:22,58169,americanexpress,Tagpad,Dallas,Texas,9176,TX
27280301,6482,02/08/2022,23:26,651,jcb,Izio,Baton Rouge,Louisiana,1286,LA
47941622,2488,03/16/2022,14:04,6771,diners-club-us-ca,Tazzy,Dallas,Texas,5571,TX
95764412,4103,05/05/2021,20:41,61574,switch,Flashdog,New York City,New York,6894,NY
49746028,8056,10/26/2021,10:51,77409,instapayment,Kaymbo,Cleveland,Ohio,1687,OH
91061169,7189,02/13/2022,21:54,73831,jcb,Yambee,Minneapolis,Minnesota,5746,MN
93611209,6961,05/13/2021,1:34,6525,diners-club-us-ca,Kaymbo,Fort Worth,Texas,6771,TX
23949975,9387,06/06/2021,2:48,43342,jcb,Mymm,Miami,Florida,6655,FL
20935896,5988,05/08/2021,23:36,42846,china-unionpay,Skiba,Corpus Christi,Texas,1961,TX
57988197,5060,01/14/2022,2:41,20287,jcb,Meezzy,Orlando,Florida,7667,FL
95309801,7568,09/04/2021,7:15,40276,diners-club-enroute,Voonte,Lexington,Kentucky,6079,KY
38255619,5959,02/12/2022,17:34,64372,switch,Pixope,Richmond,Virginia,9166,VA
52812955,2278,03/08/2022,19:55,91136,diners-club-international,Jetwire,Gilbert,Arizona,4584,AZ
14292304,4345,07/30/2021,15:48,17247,jcb,Youspan,Washington,District of Columbia,1348,DC
12822912,7305,10/30/2021,3:48,40862,visa-electron,Tagchat,Brooklyn,New York,6712,NY
74043348,4617,06/23/2021,11:27,77044,jcb,Babbleopia,Des Moines,Iowa,3594,IA
85063370,1508,08/09/2021,15:35,96694,americanexpress,Kare,Norfolk,Virginia,3973,VA
98025459,8563,01/26/2022,5:00,68056,diners-club-us-ca,Tambee,Lakewood,Washington,1611,WA
22850627,3607,07/12/2021,3:52,33150,visa-electron,Flipbug,Reno,Nevada,1727,NV
90654766,9363,01/09/2022,7:24,89489,mastercard,Zoonder,Rochester,New York,3856,NY
49565667,5283,01/13/2022,14:12,87741,diners-club-carte-blanche,Cogidoo,Jacksonville,Florida,1314,FL
38492721,8355,03/25/2022,20:15,86648,jcb,Yakijo,San Francisco,California,2171,CA
17109255,2614,03/26/2022,13:28,78155,jcb,Dabfeed,Augusta,Georgia,5896,GA
43119539,9255,08/15/2021,3:35,10286,visa-electron,Meemm,San Diego,California,5958,CA
46400413,6647,07/08/2021,8:35,99314,visa-electron,Quimba,Greensboro,North Carolina,5321,NC
59031528,3820,05/26/2021,3:43,77541,americanexpress,Vitz,Corpus Christi,Texas,6857,TX
14237660,8395,03/27/2022,18:01,39484,jcb,Kwimbee,Canton,Ohio,5188,OH
45371787,6826,11/24/2021,19:08,53918,visa-electron,Riffpedia,Fresno,California,9149,CA
96583989,4830,11/25/2021,19:14,25146,americanexpress,Jabbersphere,San Rafael,California,7528,CA
83123120,3124,03/04/2022,11:43,43838,jcb,Yambee,Montgomery,Alabama,8602,AL
36502613,5025,04/05/2022,22:18,95766,diners-club-international,Aibox,Pensacola,Florida,1780,FL
65002726,4464,04/18/2021,21:47,13059,jcb,Trudeo,Boston,Massachusetts,5214,MA
89510366,3464,11/25/2021,13:56,96379,switch,Feedfire,Beaumont,Texas,6547,TX
43251633,7466,04/10/2021,11:21,55117,mastercard,Twitterbeat,Birmingham,Alabama,7457,AL
97030068,6552,07/17/2021,16:17,92827,jcb,Skinix,Harrisburg,Pennsylvania,6900,PA
64046130,1644,06/01/2021,7:03,13835,maestro,Skaboo,Philadelphia,Pennsylvania,5172,PA
47229550,9912,04/21/2021,13:01,16634,jcb,Youbridge,Panama City,Florida,2439,FL
83929522,2931,10/25/2021,7:24,97038,diners-club-carte-blanche,Jabbertype,Houston,Texas,5609,TX
99775807,9819,10/22/2021,3:37,96480,maestro,Jaloo,Kansas City,Missouri,8440,MO
22720680,6909,09/09/2021,13:20,58291,americanexpress,Wikido,Fort Worth,Texas,7308,TX
24398413,5115,07/07/2021,14:28,52015,bankcard,Tekfly,El Paso,Texas,9360,TX
79553437,4690,02/05/2022,20:54,30512,jcb,Tavu,Watertown,Massachusetts,3100,MA
99136298,6007,11/22/2021,8:56,12507,jcb,Yakijo,Detroit,Michigan,4631,MI
18699749,2496,10/13/2021,0:01,70439,mastercard,Ooba,Tyler,Texas,3023,TX
76999917,9228,03/21/2022,2:47,46922,visa,Edgeblab,Oakland,California,5557,CA
82548552,3411,03/26/2022,14:58,39658,visa-electron,Ntags,Billings,Montana,3371,MT
14239974,9914,10/25/2021,6:44,70068,mastercard,BlogXS,Mountain View,California,5510,CA
61522939,4102,12/10/2021,22:17,91672,diners-club-enroute,Aimbo,Rochester,New York,6428,NY
41229011,2417,03/13/2022,19:29,33761,instapayment,Demimbu,Washington,District of Columbia,6369,DC
99114332,7092,08/18/2021,19:06,47013,jcb,Mycat,Baton Rouge,Louisiana,4607,LA
28393637,3126,04/13/2021,3:51,29962,jcb,Eadel,Scranton,Pennsylvania,9352,PA
93164824,7069,09/24/2021,13:27,55528,jcb,Yakijo,Daytona Beach,Florida,7271,FL
32909237,3132,09/30/2021,11:04,89457,jcb,Skajo,Jacksonville,Florida,1498,FL
31672041,8161,09/14/2021,9:41,55143,americanexpress,Lazzy,New York City,New York,7587,NY
56140704,6671,02/22/2022,14:33,77562,jcb,Npath,San Antonio,Texas,6701,TX
27801515,6264,10/19/2021,14:31,67715,visa,Flipopia,San Antonio,Texas,1451,TX
95976432,1617,10/03/2021,3:32,79644,jcb,Centidel,Rochester,New York,2089,NY
27845870,1738,06/25/2021,13:15,56361,switch,Skyba,Oceanside,California,5807,CA
32752988,7545,09/06/2021,3:27,7040,maestro,LiveZ,Huntsville,Alabama,1493,AL
42707024,2331,04/06/2022,17:17,27647,jcb,Jaloo,Akron,Ohio,1894,OH
68341099,2386,03/09/2022,19:47,2508,jcb,Fivechat,Santa Ana,California,8732,CA
49933129,5720,12/22/2021,23:30,59075,china-unionpay,Oyope,Lexington,Kentucky,1411,KY
49528207,4165,06/16/2021,8:43,16606,switch,Oloo,Palmdale,California,3680,CA
34774502,5695,01/05/2022,17:19,51413,americanexpress,Brainverse,Phoenix,Arizona,2557,AZ
16825587,6593,09/20/2021,17:13,36046,americanexpress,Abata,Phoenix,Arizona,1221,AZ
53912921,1714,12/26/2021,2:59,22589,mastercard,Babbleset,Jamaica,New York,6685,NY
91796467,6696,09/30/2021,11:57,72316,switch,Zoovu,Houston,Texas,8187,TX
97328086,7550,03/25/2022,21:09,84908,bankcard,Jayo,Los Angeles,California,8720,CA
70239740,5290,08/31/2021,0:03,89340,jcb,Eimbee,Humble,Texas,7187,TX
26494744,5724,07/24/2021,16:11,72095,jcb,Plajo,El Paso,Texas,2191,TX
92931910,7535,02/25/2022,9:12,29684,visa-electron,Fivebridge,Saginaw,Michigan,7264,MI
63986652,1243,04/12/2021,20:15,99196,china-unionpay,Zava,Saint Louis,Missouri,8577,MO
12658708,4255,02/12/2022,12:04,48698,maestro,Bubblebox,Houston,Texas,9549,TX
56230836,5140,07/09/2021,14:45,15619,americanexpress,Wordtune,Oklahoma City,Oklahoma,6432,OK
39929933,7418,01/05/2022,0:21,65336,jcb,Realfire,El Paso,Texas,1422,TX
30040934,5490,12/21/2021,6:34,73719,diners-club-carte-blanche,Divape,Pinellas Park,Florida,6882,FL
73697092,7903,10/16/2021,2:35,98496,laser,Jabbersphere,Phoenix,Arizona,5521,AZ
45093887,8297,12/10/2021,14:49,55982,americanexpress,Oyonder,Cleveland,Ohio,6358,OH
13155619,4058,08/21/2021,21:16,9931,jcb,Jabbersphere,Philadelphia,Pennsylvania,6792,PA
21711607,6100,02/02/2022,17:44,69239,jcb,Fivechat,Tucson,Arizona,2755,AZ
96532597,7665,10/28/2021,3:42,78509,maestro,Camido,Nashville,Tennessee,2231,TN
33257932,4096,01/26/2022,7:09,34948,mastercard,Dabshots,Minneapolis,Minnesota,6186,MN
49666039,6486,11/12/2021,16:31,81454,china-unionpay,Voonix,Pueblo,Colorado,2882,CO
17831682,3114,05/13/2021,8:53,26076,instapayment,Livefish,San Diego,California,9293,CA
77638289,6075,09/02/2021,7:16,20784,visa,Jazzy,Tucson,Arizona,2205,AZ
11700300,1780,11/15/2021,9:26,22442,jcb,Fivechat,El Paso,Texas,8806,TX
96588746,5566,08/31/2021,11:27,52530,maestro,Snaptags,Erie,Pennsylvania,8058,PA
15108510,7071,04/21/2021,15:03,82960,jcb,Quimba,Madison,Wisconsin,3958,WI
76055439,9229,01/09/2022,17:39,44164,jcb,Shuffledrive,White Plains,New York,2267,NY
88396874,6960,07/12/2021,7:26,47893,mastercard,Jabberbean,Milwaukee,Wisconsin,1840,WI
48633342,3641,02/25/2022,21:04,30725,visa,Divanoodle,Pocatello,Idaho,7901,ID
77142038,5605,09/26/2021,3:32,20561,diners-club-carte-blanche,Flipstorm,Huntington,West Virginia,7753,WV
19181570,7595,02/12/2022,10:29,96373,visa,Browseblab,Omaha,Nebraska,5522,NE
61216984,5950,11/13/2021,16:20,43808,maestro,Vidoo,Miami,Florida,5985,FL
50776330,3801,04/02/2022,1:00,84319,jcb,Fiveclub,Colorado Springs,Colorado,2847,CO
11835609,1739,07/17/2021,9:54,44380,americanexpress,Youfeed,San Jose,California,2021,CA
95802248,8385,02/21/2022,18:20,23158,jcb,Zooveo,Modesto,California,6036,CA
55315823,8946,04/06/2022,21:25,68271,mastercard,Oyoloo,Oklahoma City,Oklahoma,7053,OK
24813633,4901,10/09/2021,4:31,39154,maestro,Plajo,Silver Spring,Maryland,7340,MD
59486222,6204,03/14/2022,13:16,6442,bankcard,Mita,Birmingham,Alabama,3251,AL
45296078,7769,08/27/2021,13:57,64807,mastercard,Feedbug,Pensacola,Florida,5275,FL
18813261,7138,06/14/2021,8:38,52496,jcb,Quire,Johnstown,Pennsylvania,4863,PA
96038389,2345,08/28/2021,6:41,65265,jcb,Npath,Bethesda,Maryland,5225,MD
52243242,9093,09/02/2021,11:28,12429,china-unionpay,Tagpad,Pensacola,Florida,7324,FL
98299196,8111,06/27/2021,22:11,54949,bankcard,Skinix,Stockton,California,4793,CA
44658714,2966,12/28/2021,15:55,54947,visa,Wordpedia,Idaho Falls,Idaho,5891,ID
52747156,6112,01/25/2022,3:06,56907,mastercard,Kamba,Cleveland,Ohio,2113,OH
43957670,9615,11/19/2021,23:13,53017,bankcard,Edgeify,Corpus Christi,Texas,6629,TX
78207179,2987,06/12/2021,5:16,61146,diners-club-carte-blanche,Kazio,Montgomery,Alabama,2874,AL
23317670,6292,07/22/2021,21:27,97293,americanexpress,Devshare,Olympia,Washington,1531,WA
39178657,1432,09/04/2021,7:40,55296,jcb,Pixoboo,Tuscaloosa,Alabama,1150,AL
86948879,2700,04/21/2021,16:27,36326,switch,Fanoodle,Newark,New Jersey,7267,NJ
44682824,8422,06/05/2021,19:00,47938,diners-club-carte-blanche,Rhybox,Bakersfield,California,5384,CA
87510434,8841,04/10/2021,11:47,13365,jcb,Rhyloo,El Paso,Texas,4423,TX
32948838,5646,11/02/2021,13:34,7848,jcb,Innojam,Kansas City,Missouri,2098,MO
42626773,2119,07/04/2021,2:47,39597,jcb,Realblab,Sacramento,California,7150,CA
62439945,5557,02/27/2022,4:14,33229,jcb,Devify,New York City,New York,1260,NY
55341288,8694,02/25/2022,12:46,89187,visa,Twiyo,Fort Lauderdale,Florida,6670,FL
60027113,5633,06/28/2021,11:13,55976,laser,Skalith,Hollywood,Florida,8059,FL
71581549,9569,01/11/2022,9:25,29053,jcb,Gevee,Miami,Florida,4820,FL
13101892,2365,04/04/2022,17:29,49795,jcb,Fiveclub,Memphis,Tennessee,5980,TN
24337486,2243,09/28/2021,7:01,80851,switch,Bluezoom,Savannah,Georgia,1483,GA
95999107,2574,09/10/2021,12:33,72736,visa,Oyope,Sacramento,California,1858,CA
65605085,6737,11/29/2021,11:48,49053,jcb,Viva,Tampa,Florida,1275,FL
77892040,8214,09/18/2021,19:49,22549,jcb,Livefish,Hampton,Virginia,2580,VA
63607086,3084,03/25/2022,7:20,2,china-unionpay,Teklist,Lakewood,Washington,4108,WA
90117204,9957,01/22/2022,1:53,42493,jcb,Twitterwire,El Paso,Texas,9278,TX
93046781,8519,02/27/2022,5:27,93210,maestro,Oodoo,Irving,Texas,7034,TX
82729464,6883,09/25/2021,12:30,69030,jcb,Rhyloo,Madison,Wisconsin,2600,WI
16887602,7592,06/24/2021,7:47,68861,jcb,Midel,Minneapolis,Minnesota,1769,MN
40801442,9042,08/28/2021,9:57,53663,jcb,Layo,Oklahoma City,Oklahoma,4983,OK
59478894,3624,05/07/2021,1:30,98607,mastercard,Eamia,Richmond,Virginia,2072,VA
54332425,9223,04/09/2021,0:29,67113,bankcard,Realmix,Harrisburg,Pennsylvania,7325,PA
45785213,1459,11/14/2021,17:00,12824,mastercard,Meeveo,Olympia,Washington,9581,WA
53722378,3663,10/18/2021,2:23,56861,visa,Mita,Detroit,Michigan,6819,MI
81809967,3372,10/27/2021,11:24,12381,mastercard,Fadeo,Dallas,Texas,8498,TX
69021189,3322,11/12/2021,9:19,59538,jcb,Dynabox,Jacksonville,Florida,6705,FL
96272816,7653,06/11/2021,20:31,47637,switch,Edgetag,New Orleans,Louisiana,7198,LA
51040079,9537,08/17/2021,6:10,43803,mastercard,Meeveo,Shreveport,Louisiana,1721,LA
52577404,4903,10/30/2021,2:14,94393,jcb,Brainsphere,Terre Haute,Indiana,9439,IN
53718541,7924,11/23/2021,6:10,5233,jcb,Kwinu,New York City,New York,5358,NY
80363307,5753,03/19/2022,12:49,68022,jcb,Skyba,Dallas,Texas,6006,TX
59784252,3574,05/02/2021,13:32,82885,laser,Quatz,Oklahoma City,Oklahoma,9357,OK
14561996,8893,03/19/2022,16:01,60376,maestro,Zoomlounge,Shreveport,Louisiana,6030,LA
56367595,3300,10/09/2021,3:32,33268,bankcard,Vinder,Wichita,Kansas,2917,KS
50247196,1217,05/27/2021,22:28,32056,jcb,Buzzbean,Honolulu,Hawaii,2043,HI
74112281,4728,06/18/2021,15:47,85060,jcb,Jabbertype,San Diego,California,5396,CA
87175084,6052,09/14/2021,22:23,35076,jcb,Skippad,Philadelphia,Pennsylvania,5544,PA
23732280,7881,12/20/2021,4:06,15935,jcb,Teklist,Schenectady,New York,7124,NY
17391770,6974,02/22/2022,11:18,28704,jcb,Wikido,Akron,Ohio,4156,OH
83361669,5210,05/16/2021,19:36,81028,jcb,Divape,Valdosta,Georgia,8466,GA
89171144,5176,02/07/2022,4:15,71378,visa,Photospace,Hartford,Connecticut,4562,CT
70850492,7576,12/01/2021,0:47,22913,jcb,Centimia,Edmond,Oklahoma,4368,OK
57603306,8197,12/10/2021,7:20,68502,jcb,Oyoba,Colorado Springs,Colorado,9563,CO
98953360,3346,07/16/2021,11:21,29168,visa,Riffpedia,Kansas City,Missouri,1656,MO
54632239,5300,01/28/2022,11:28,32567,jcb,Eayo,Phoenix,Arizona,2530,AZ
46983270,9145,12/03/2021,6:45,58139,laser,Aimbu,New Haven,Connecticut,4268,CT
22979935,6185,12/17/2021,15:18,9470,diners-club-carte-blanche,Ainyx,Huntington,West Virginia,7289,WV
44443099,4696,07/09/2021,16:04,40409,jcb,Eare,Van Nuys,California,2502,CA
84494559,8350,05/23/2021,17:10,19538,visa,Twimbo,Killeen,Texas,2621,TX
30711245,4763,04/10/2021,18:24,44018,mastercard,Snaptags,Tyler,Texas,5614,TX
22408172,1498,12/24/2021,5:22,76378,jcb,Midel,Crawfordsville,Indiana,1291,IN
45739984,9354,09/14/2021,4:54,87169,mastercard,Wordify,El Paso,Texas,3249,TX
66873726,6332,10/03/2021,1:17,71376,visa-electron,Livetube,Raleigh,North Carolina,2799,NC
31267536,9125,11/20/2021,10:05,65222,maestro,Twitterbeat,Mesquite,Texas,9123,TX
11436784,4169,10/28/2021,0:33,28702,jcb,Yadel,Fairbanks,Alaska,5797,AK
83786619,3267,01/29/2022,9:53,5207,jcb,Photolist,Washington,District of Columbia,4605,DC
96194734,3709,04/16/2021,6:00,9247,jcb,Minyx,Schenectady,New York,7057,NY
90090758,8535,02/21/2022,12:45,52233,instapayment,Snaptags,Lexington,Kentucky,1166,KY
25462553,9591,12/29/2021,1:08,48430,mastercard,Photobug,Loretto,Minnesota,4612,MN
39618645,4817,05/22/2021,7:43,55159,china-unionpay,Jetpulse,Des Moines,Iowa,6052,IA
37958940,3412,10/23/2021,19:57,95791,jcb,Ailane,Louisville,Kentucky,9443,KY
18527033,1357,09/08/2021,21:55,97853,jcb,Zoomzone,Montgomery,Alabama,7025,AL
60350733,3002,11/13/2021,5:00,9277,diners-club-enroute,Jetpulse,Phoenix,Arizona,7622,AZ
95019955,9096,01/04/2022,10:48,37170,china-unionpay,Wikido,Houston,Texas,8535,TX
47449443,6988,10/28/2021,23:22,133,visa-electron,Topicblab,El Paso,Texas,2407,TX
87643222,9175,07/22/2021,3:52,91147,bankcard,Yabox,Lehigh Acres,Florida,3258,FL
36199832,4090,12/06/2021,22:42,38356,maestro,Twitterworks,El Paso,Texas,9208,TX
26255571,9156,10/11/2021,17:37,70582,jcb,Shufflester,Ridgely,Maryland,1366,MD
54613263,8298,12/18/2021,20:22,1835,jcb,Wordpedia,Buffalo,New York,1902,NY
28350332,4319,05/20/2021,0:12,91681,mastercard,Zoomdog,Fort Lauderdale,Florida,3398,FL
58338710,8652,11/02/2021,17:26,29735,jcb,Meembee,Brooklyn,New York,3259,NY
72553086,8879,01/25/2022,20:08,28894,jcb,Roomm,Riverside,California,6073,CA
74381057,3601,08/18/2021,14:27,31014,jcb,Dabshots,Boston,Massachusetts,6487,MA
94550061,6717,02/13/2022,13:15,18611,mastercard,Chatterpoint,Silver Spring,Maryland,2507,MD
43352613,7314,04/21/2021,11:45,99412,mastercard,Demizz,Aurora,Illinois,3237,IL
43843276,2849,01/04/2022,23:33,83624,jcb,Mynte,Denver,Colorado,2084,CO
26152851,4183,09/07/2021,1:49,74372,jcb,Youspan,Green Bay,Wisconsin,8819,WI
37119926,3107,12/18/2021,9:39,29531,jcb,Yadel,Crawfordsville,Indiana,4880,IN
89785698,3664,06/24/2021,7:17,12069,jcb,Zoomcast,Columbus,Ohio,6488,OH
24181781,8588,07/15/2021,17:41,93856,maestro,Thoughtbridge,Redwood City,California,6911,CA
96216590,7979,10/01/2021,20:29,45219,jcb,Fivechat,Washington,District of Columbia,1966,DC
88456020,5336,10/07/2021,23:13,36948,jcb,Tagopia,Lexington,Kentucky,1283,KY
14111226,4038,02/06/2022,20:32,90270,jcb,Dynava,Lexington,Kentucky,6000,KY
25808229,6758,01/19/2022,22:46,33393,switch,Feedfire,Jamaica,New York,4668,NY
25267250,8158,07/24/2021,20:39,66541,mastercard,Meeveo,Saint Louis,Missouri,3056,MO
18469433,6838,04/11/2021,16:17,11018,americanexpress,Photospace,Dallas,Texas,9328,TX
51982436,9086,03/25/2022,1:06,73629,china-unionpay,Linkbridge,Jacksonville,Florida,8377,FL
52560274,8294,06/22/2021,16:05,10865,visa-electron,Vitz,Honolulu,Hawaii,6762,HI
54077672,3747,05/03/2021,3:34,41828,jcb,Buzzdog,Dallas,Texas,9606,TX
67657987,1615,12/28/2021,1:19,16188,diners-club-enroute,Oodoo,Daytona Beach,Florida,2015,FL
42079677,3140,10/07/2021,15:28,59700,jcb,Meedoo,Concord,California,5575,CA
62384881,7859,08/07/2021,11:20,98398,switch,Twitterwire,Dallas,Texas,2198,TX
97525169,2906,05/20/2021,13:52,70629,jcb,Mymm,Kansas City,Missouri,5246,MO
43657639,2505,02/05/2022,12:10,29607,mastercard,Skyndu,Lexington,Kentucky,1647,KY
18103422,7843,10/27/2021,15:38,9646,jcb,Quinu,Jacksonville,Florida,8520,FL
26542381,6342,11/20/2021,3:30,15716,mastercard,Eabox,Erie,Pennsylvania,5855,PA
28626759,1640,09/20/2021,23:33,72585,jcb,Realcube,Los Angeles,California,9105,CA
43208433,1699,08/09/2021,4:16,70646,jcb,Kamba,San Diego,California,9186,CA
52286417,3259,04/24/2021,9:47,33595,jcb,Twimm,Huntsville,Alabama,3327,AL
12637362,5686,05/29/2021,21:59,28670,jcb,Bubblemix,Gary,Indiana,1374,IN
97048929,5333,01/12/2022,22:47,70935,switch,Gigashots,Lincoln,Nebraska,8111,NE
27807160,5644,08/28/2021,21:18,18369,visa-electron,Avamm,New York City,New York,1154,NY
92385950,7543,11/15/2021,1:36,76315,jcb,Jabbersphere,Baltimore,Maryland,4904,MD
61800888,2094,12/11/2021,23:01,86339,visa,Youfeed,Gary,Indiana,2097,IN
69689548,2982,05/26/2021,17:19,40291,jcb,Meevee,Oklahoma City,Oklahoma,3562,OK
60976009,2415,01/14/2022,16:02,17284,mastercard,Eazzy,Roanoke,Virginia,8680,VA
40057923,7827,02/09/2022,18:14,58313,jcb,Jabbertype,Staten Island,New York,1196,NY
70578701,1764,09/27/2021,12:13,78956,china-unionpay,Vimbo,Newport News,Virginia,6781,VA
33586395,8592,12/04/2021,4:41,10404,jcb,Blogtags,Oklahoma City,Oklahoma,9481,OK
14882881,6168,06/22/2021,10:32,58523,jcb,Trunyx,Lansing,Michigan,8810,MI
85576052,9697,04/12/2021,8:14,60338,switch,Feedspan,Youngstown,Ohio,5329,OH
12650890,3759,07/03/2021,23:52,36951,jcb,Wordware,Troy,Michigan,1567,MI
72434091,1550,06/25/2021,6:52,48553,jcb,Meejo,New Orleans,Louisiana,9430,LA
55697211,8863,01/19/2022,11:41,64947,jcb,Chatterpoint,Montgomery,Alabama,6369,AL
78705842,3377,10/02/2021,16:04,47520,diners-club-carte-blanche,Chatterpoint,Las Vegas,Nevada,8703,NV
17080653,2724,07/19/2021,4:13,89097,jcb,Vinte,Milwaukee,Wisconsin,7032,WI
31158288,3790,05/05/2021,11:43,45486,bankcard,Kwilith,Columbus,Ohio,5916,OH
70601712,5766,07/29/2021,15:09,62131,jcb,Photobug,Brooksville,Florida,2599,FL
58976771,4049,04/01/2022,13:28,84605,diners-club-carte-blanche,Realblab,Greenville,South Carolina,6931,SC
90825330,4270,01/31/2022,11:23,67515,jcb,Katz,Charlotte,North Carolina,2787,NC
72613108,7034,04/27/2021,2:23,1850,china-unionpay,Podcat,New York City,New York,5053,NY
83909669,4678,06/09/2021,5:43,9965,mastercard,Dabtype,Houston,Texas,2125,TX
34721373,2222,10/27/2021,10:20,12069,jcb,Fiveclub,Laurel,Maryland,9391,MD
76723602,3241,06/29/2021,1:18,96832,visa,Skynoodle,Reno,Nevada,5857,NV
62438941,7546,06/15/2021,16:02,37929,jcb,JumpXS,New Hyde Park,New York,9662,NY
68015151,7497,02/21/2022,5:59,7964,mastercard,Ailane,Chula Vista,California,9747,CA
69613408,2811,05/20/2021,19:41,52617,bankcard,Tagchat,Johnstown,Pennsylvania,1955,PA
43630347,1401,05/18/2021,20:30,62359,diners-club-us-ca,Zoonoodle,Chattanooga,Tennessee,2852,TN
55487667,4414,06/08/2021,4:12,64183,jcb,Photospace,Saint Petersburg,Florida,6331,FL
93652282,9807,12/14/2021,13:31,15522,bankcard,Talane,Boston,Massachusetts,9857,MA
77629252,4666,05/28/2021,5:52,64709,jcb,Photojam,Houston,Texas,2000,TX
68321270,7893,03/10/2022,0:25,90962,jcb,Twinder,Atlanta,Georgia,6198,GA
69319331,7895,01/14/2022,14:13,76938,jcb,Linkbridge,Tallahassee,Florida,5298,FL
68440156,2099,06/10/2021,21:57,56035,maestro,Aimbo,Youngstown,Ohio,8131,OH
18730733,6253,12/11/2021,23:43,917,diners-club-carte-blanche,Edgetag,Panama City,Florida,3987,FL
99744300,5597,03/21/2022,22:54,15040,bankcard,Gabvine,Akron,Ohio,1854,OH
91444681,1277,03/21/2022,3:52,75276,visa,Leenti,Fort Worth,Texas,9340,TX
81889625,9463,09/19/2021,22:50,94673,mastercard,Agimba,New Brunswick,New Jersey,7054,NJ
88366142,7040,12/07/2021,3:30,93448,diners-club-enroute,Livefish,Knoxville,Tennessee,9719,TN
14999396,7743,05/25/2021,7:57,95622,diners-club-carte-blanche,Babbleblab,New York City,New York,1528,NY
18903902,4950,08/01/2021,21:30,49120,jcb,Photobean,Cumming,Georgia,3030,GA
23447570,8251,11/17/2021,17:50,49066,jcb,Tagtune,Washington,District of Columbia,4295,DC
23661803,4926,07/27/2021,10:52,79384,jcb,Skajo,Saint Louis,Missouri,7403,MO
51384600,5272,07/19/2021,15:29,60384,jcb,Trudeo,Rochester,New York,7358,NY
17900607,3994,05/19/2021,11:15,2206,jcb,Dabvine,Charleston,West Virginia,9161,WV
53877626,9942,12/04/2021,21:53,77318,visa-electron,Tazzy,Tulsa,Oklahoma,4306,OK
19332467,1927,05/13/2021,17:56,20303,bankcard,Riffwire,Fort Worth,Texas,8262,TX
34718979,2869,02/02/2022,16:27,46236,americanexpress,Minyx,Austin,Texas,9318,TX
43906715,8913,06/28/2021,7:20,93884,mastercard,Quinu,Wilmington,Delaware,5823,DE
33874413,5476,03/07/2022,5:10,1416,jcb,Yombu,Cleveland,Ohio,4146,OH
45249816,9202,11/28/2021,15:59,93001,diners-club-us-ca,Yambee,Jacksonville,Florida,1405,FL
22924444,1846,02/13/2022,6:22,22924,visa-electron,Yakijo,Wichita,Kansas,1325,KS
42806069,5820,02/24/2022,6:40,53325,jcb,Eabox,Saint Louis,Missouri,5879,MO
52413053,4001,11/06/2021,20:05,28514,jcb,Flashpoint,Louisville,Kentucky,9071,KY
24519222,8638,01/17/2022,1:57,57825,americanexpress,Yacero,New York City,New York,1199,NY
92070882,5315,02/02/2022,9:20,6005,jcb,Yodel,Gulfport,Mississippi,2664,MS
25834648,6745,01/16/2022,19:26,58808,diners-club-enroute,Voonte,Richmond,Virginia,2381,VA
14316327,5574,03/11/2022,7:20,97957,visa-electron,Katz,Augusta,Georgia,1421,GA
72903650,2994,02/28/2022,17:08,51325,mastercard,Wikido,Peoria,Illinois,9938,IL
52679786,1627,04/14/2021,4:41,62633,jcb,Agimba,Amarillo,Texas,4340,TX
99228351,3274,01/10/2022,6:50,79612,jcb,Jabbertype,Clearwater,Florida,1266,FL
37126091,7674,10/19/2021,22:10,31822,mastercard,Blognation,San Jose,California,5433,CA
33307997,7750,09/17/2021,14:35,90038,jcb,Realbuzz,Houston,Texas,4145,TX
49585619,5505,11/18/2021,1:30,2696,jcb,Wikido,Jacksonville,Florida,1120,FL
59026440,7693,03/07/2022,1:30,53797,jcb,Dabshots,Paterson,New Jersey,6539,NJ
72829422,5643,05/19/2021,7:19,43481,jcb,Zoomzone,Southfield,Michigan,8624,MI
70317629,3907,04/17/2021,9:48,89276,jcb,Innojam,El Paso,Texas,2182,TX
76432768,5153,01/17/2022,7:26,46166,americanexpress,Demivee,El Paso,Texas,7861,TX
17507201,7337,03/19/2022,12:46,99755,jcb,Tagopia,Wichita,Kansas,7829,KS
65247657,1882,02/18/2022,6:58,9736,visa-electron,Skilith,New York City,New York,9082,NY
14479846,5912,10/20/2021,1:02,72001,mastercard,Avamba,Birmingham,Alabama,4230,AL
65769988,2460,09/17/2021,7:37,42091,china-unionpay,DabZ,San Antonio,Texas,2641,TX
66019645,3541,05/05/2021,6:43,3571,mastercard,Mybuzz,Virginia Beach,Virginia,9007,VA
87046745,4245,01/08/2022,12:07,86159,laser,Meevee,Lexington,Kentucky,1618,KY
36166662,4670,11/05/2021,10:53,67668,diners-club-carte-blanche,Photobug,Stockton,California,5955,CA
90706021,4896,04/04/2022,17:21,13488,jcb,Voonyx,Norfolk,Virginia,9160,VA
15524707,1130,06/23/2021,8:24,85105,bankcard,Babbleblab,Spokane,Washington,1424,WA
64590498,3760,11/15/2021,20:02,77291,mastercard,Feedfish,Boulder,Colorado,5597,CO
18561596,6363,06/13/2021,7:38,59966,mastercard,Skimia,Fresno,California,4512,CA
51013051,9386,03/13/2022,11:02,28064,laser,Jabberstorm,Houston,Texas,3974,TX
65179672,1849,08/05/2021,20:14,36932,laser,Vinder,Houston,Texas,1694,TX
38324679,5677,04/13/2021,15:18,29762,switch,Skivee,Kansas City,Missouri,1649,MO
83897636,7202,11/21/2021,23:55,83641,diners-club-enroute,Yodel,Austin,Texas,5611,TX
43959150,3394,08/25/2021,22:34,82557,maestro,Babbleset,Maple Plain,Minnesota,2034,MN
92718779,9827,11/18/2021,19:42,77919,diners-club-us-ca,Jaloo,Dallas,Texas,6719,TX
74213066,1763,10/26/2021,13:08,54771,laser,Photospace,Seattle,Washington,9068,WA
72168696,6241,05/24/2021,16:15,66191,jcb,Realmix,Toledo,Ohio,2997,OH
44591047,8537,11/18/2021,2:58,60083,switch,Trilia,Meridian,Mississippi,9879,MS
27480283,6973,05/07/2021,8:20,63130,solo,Quimba,Clearwater,Florida,9019,FL
20855206,9803,04/20/2021,21:20,35695,diners-club-carte-blanche,Katz,Inglewood,California,6526,CA
56037975,8784,11/16/2021,3:01,91109,jcb,Tazz,Portland,Oregon,8520,OR
82016464,6115,03/18/2022,23:47,16475,jcb,Fiveclub,Chattanooga,Tennessee,4328,TN
14275129,4612,11/03/2021,19:20,67303,visa-electron,Zoombox,Tulsa,Oklahoma,1738,OK
80482817,9649,07/12/2021,15:42,41993,jcb,Skyba,Fresno,California,7626,CA
92195195,7586,12/21/2021,4:17,4241,americanexpress,Brainverse,Johnson City,Tennessee,4132,TN
39829841,2101,04/10/2021,8:04,90418,jcb,Trilia,Amarillo,Texas,3071,TX
82021458,8068,03/09/2022,0:21,68608,americanexpress,Oyondu,Wichita,Kansas,8600,KS
82941311,6080,11/05/2021,15:11,26649,jcb,Zoomdog,Port Charlotte,Florida,4095,FL
34812194,6236,06/01/2021,6:44,23724,bankcard,Cogidoo,New York City,New York,5011,NY
33051024,4324,04/21/2021,3:45,89444,jcb,Jaloo,Houston,Texas,7462,TX
65611193,5551,09/14/2021,20:24,60396,jcb,Meejo,San Diego,California,9435,CA
91275075,1283,03/26/2022,12:21,9246,jcb,Zoonder,Los Angeles,California,9262,CA
45027259,2432,11/17/2021,17:42,36286,maestro,Camimbo,Bethesda,Maryland,5249,MD
61192164,5543,11/26/2021,15:04,58216,diners-club-carte-blanche,Kayveo,Denver,Colorado,2922,CO
21411694,6517,06/24/2021,6:14,95146,jcb,Skidoo,Austin,Texas,1986,TX
43741433,2242,05/24/2021,12:42,68768,visa-electron,Thoughtblab,Dallas,Texas,1737,TX
44918591,8752,04/20/2021,4:37,63416,mastercard,Feedspan,Conroe,Texas,2769,TX
66248246,1818,02/03/2022,16:15,72716,diners-club-carte-blanche,Devcast,Omaha,Nebraska,6310,NE
16381388,3385,10/15/2021,9:43,81239,jcb,Ailane,Elmira,New York,8940,NY
22778768,6059,01/21/2022,0:54,47772,jcb,Avamm,Corpus Christi,Texas,4802,TX
84039329,8831,07/16/2021,11:56,17792,americanexpress,Blognation,Colorado Springs,Colorado,5479,CO
97921661,2478,11/01/2021,1:17,22627,switch,Avamba,Sacramento,California,7622,CA
66240315,4592,08/04/2021,15:04,51231,jcb,Divavu,Saint Louis,Missouri,3284,MO
34618834,1383,12/16/2021,0:54,92702,visa,Flashdog,Minneapolis,Minnesota,5586,MN
97649528,8167,10/12/2021,11:09,77352,switch,Jabbertype,Akron,Ohio,2346,OH
80927386,2695,09/09/2021,8:54,13966,solo,Quimba,Knoxville,Tennessee,2042,TN
43795209,2413,09/06/2021,3:12,40615,diners-club-enroute,Flipopia,Dallas,Texas,1117,TX
57140290,1476,11/24/2021,9:54,79733,maestro,JumpXS,Galveston,Texas,8652,TX
92312688,4607,01/25/2022,7:37,66809,diners-club-enroute,Eare,San Diego,California,8958,CA
14590066,8562,01/09/2022,21:59,16290,mastercard,Gevee,Cleveland,Ohio,4434,OH
45062171,1288,05/14/2021,6:12,31202,jcb,Dablist,Cleveland,Ohio,5009,OH
86271119,1408,08/30/2021,1:28,79345,diners-club-enroute,Eamia,Sioux Falls,South Dakota,4209,SD
90214655,4068,01/29/2022,19:16,50549,jcb,Trudoo,Portland,Oregon,5486,OR
60768278,7459,04/26/2021,10:24,36071,switch,Rhynyx,Louisville,Kentucky,6266,KY
41343389,6637,12/27/2021,23:39,7228,jcb,Edgewire,North Hollywood,California,5107,CA
19958041,2813,12/05/2021,12:41,55769,jcb,Eazzy,Philadelphia,Pennsylvania,9249,PA
87484300,1517,11/12/2021,19:42,45676,mastercard,Wikibox,Alexandria,Virginia,9615,VA
28776860,1358,05/27/2021,14:06,49970,americanexpress,Muxo,San Antonio,Texas,7585,TX
80033322,3290,06/03/2021,4:53,8671,diners-club-carte-blanche,Feedfire,Miami,Florida,6636,FL
54749085,2925,10/17/2021,6:01,60260,jcb,Livetube,Bellevue,Washington,1155,WA
31273294,8740,01/08/2022,6:46,11303,jcb,Pixonyx,Dayton,Ohio,9510,OH
65033881,4680,02/25/2022,21:09,41001,switch,Rhyzio,Houston,Texas,7189,TX
46700834,1330,03/19/2022,7:02,87632,mastercard,Realbridge,Austin,Texas,6924,TX
34507710,7892,08/04/2021,2:00,73866,laser,Tavu,Milwaukee,Wisconsin,2712,WI
22280086,7901,10/19/2021,18:01,60626,maestro,Yozio,Elmira,New York,1649,NY
35709236,2003,04/03/2022,20:32,67972,jcb,Oyondu,Little Rock,Arkansas,9278,AR
82252805,4679,06/17/2021,3:06,59711,americanexpress,Gigaclub,Tampa,Florida,4934,FL
87889724,1903,06/09/2021,7:31,44068,jcb,Wikido,San Diego,California,6973,CA
97924022,9723,05/11/2021,20:27,36364,china-unionpay,Feedspan,Sacramento,California,6088,CA
39320585,3867,09/24/2021,22:36,68920,visa,Rhynyx,Pueblo,Colorado,6783,CO
86572640,8490,05/08/2021,9:22,71500,switch,Dabfeed,Minneapolis,Minnesota,8728,MN
66986445,3164,09/29/2021,18:43,69392,mastercard,Shufflester,Shawnee Mission,Kansas,8664,KS
24049101,1513,07/30/2021,16:31,89677,jcb,Photofeed,El Paso,Texas,2149,TX
39123862,1975,07/29/2021,15:28,89034,mastercard,Bubblebox,Indianapolis,Indiana,9430,IN
33693629,3157,01/08/2022,11:44,33008,jcb,Kwinu,Minneapolis,Minnesota,8116,MN
17210970,1748,10/10/2021,15:17,51568,jcb,Podcat,Omaha,Nebraska,5261,NE
63079451,9230,05/28/2021,19:22,92137,jcb,Oba,Atlanta,Georgia,1291,GA
49157000,8237,04/22/2021,18:20,18479,maestro,Topdrive,Birmingham,Alabama,9495,AL
23311308,8771,09/05/2021,11:13,52432,jcb,Eidel,Boston,Massachusetts,5151,MA
14246114,2628,01/12/2022,5:26,61608,diners-club-us-ca,Voomm,Morgantown,West Virginia,2658,WV
88548992,8964,04/20/2021,17:35,38937,visa-electron,Topicware,Detroit,Michigan,8792,MI
63524188,6447,02/22/2022,4:42,44412,jcb,Roomm,Albany,New York,8442,NY
11416576,1936,04/07/2021,11:40,13810,instapayment,Rhynyx,Tampa,Florida,2204,FL
43585014,3977,07/11/2021,9:06,64814,jcb,Talane,Orlando,Florida,1957,FL
37897562,6925,11/13/2021,21:07,85933,jcb,Omba,Las Vegas,Nevada,9449,NV
37262855,9625,05/15/2021,6:30,45611,jcb,Rhynoodle,Fort Worth,Texas,8497,TX
95920422,7056,03/14/2022,10:58,81373,jcb,Miboo,Augusta,Georgia,8148,GA
75458388,1183,10/23/2021,20:31,2795,jcb,Livepath,Nashville,Tennessee,2099,TN
15962824,9631,08/20/2021,8:48,85017,americanexpress,Topicblab,Fort Wayne,Indiana,1124,IN
61301900,9230,01/28/2022,2:33,63710,jcb,Rhyzio,Austin,Texas,7754,TX
31127206,1525,09/09/2021,20:40,83164,americanexpress,Realbuzz,Las Vegas,Nevada,2813,NV
98124875,7601,10/18/2021,15:43,70244,bankcard,Edgetag,Atlanta,Georgia,7114,GA
53424470,5708,01/01/2022,12:45,41591,jcb,Chatterpoint,Schenectady,New York,9659,NY
72555204,8045,02/09/2022,23:09,48940,jcb,Gabvine,Lexington,Kentucky,9068,KY
96796621,9063,01/30/2022,6:48,77413,jcb,Kwilith,Columbus,Georgia,6427,GA
61327152,7317,05/31/2021,6:45,90601,mastercard,Aibox,Pensacola,Florida,7351,FL
47554139,2885,10/21/2021,19:26,75421,instapayment,Skippad,Washington,District of Columbia,4423,DC
13239626,2444,04/12/2021,2:22,68823,maestro,Photobug,Jamaica,New York,3371,NY
90146345,4733,07/13/2021,0:43,51630,laser,Riffpath,Tulsa,Oklahoma,7187,OK
26245812,2139,02/17/2022,14:54,8071,jcb,Photofeed,Columbus,Ohio,4161,OH
22206029,4798,05/21/2021,11:33,52000,jcb,Kwimbee,Largo,Florida,1610,FL
43132871,3464,10/15/2021,4:37,15813,jcb,Kazu,San Bernardino,California,9582,CA
84817296,4708,07/16/2021,14:00,4938,bankcard,Bluezoom,Tampa,Florida,1797,FL
63239501,3474,04/09/2021,16:38,12284,jcb,Riffpedia,Miami,Florida,5157,FL
87737014,2761,11/28/2021,4:48,30276,jcb,Tazz,Tallahassee,Florida,3697,FL
86124081,7486,03/03/2022,10:15,54115,jcb,Browsecat,El Paso,Texas,9167,TX
64481042,1988,07/06/2021,14:30,67402,jcb,Bubbletube,Kansas City,Missouri,3127,MO
63598492,6007,08/01/2021,15:57,36342,jcb,Fivespan,Washington,District of Columbia,5396,DC
29663749,7775,04/19/2021,7:55,51888,jcb,Dabshots,Saint Paul,Minnesota,6882,MN
93563538,9593,06/02/2021,10:38,28314,visa-electron,Roodel,Akron,Ohio,2701,OH
35924571,9934,08/19/2021,6:55,77683,jcb,Roomm,Anaheim,California,7589,CA
32685003,3073,04/27/2021,12:18,17860,diners-club-us-ca,Fadeo,Mountain View,California,1763,CA
31389991,5561,02/12/2022,14:48,51269,maestro,Yambee,Winston Salem,North Carolina,1408,NC
12103984,9771,06/23/2021,9:48,10676,mastercard,Skipstorm,Cincinnati,Ohio,3070,OH
92592197,2549,06/04/2021,6:19,73381,visa-electron,Wikizz,Boston,Massachusetts,3500,MA
21677697,3489,09/22/2021,14:20,65425,china-unionpay,Ainyx,Helena,Montana,9551,MT
98358852,8179,06/28/2021,13:27,83068,jcb,Nlounge,Louisville,Kentucky,4974,KY
37510183,4265,05/16/2021,3:41,16075,jcb,Demizz,Santa Clara,California,8020,CA
41318352,9413,10/28/2021,14:14,10485,diners-club-enroute,Youbridge,Philadelphia,Pennsylvania,2946,PA
77302566,8699,12/24/2021,0:14,64407,maestro,Shufflebeat,Anchorage,Alaska,1907,AK
43343707,7668,08/21/2021,23:05,49023,jcb,JumpXS,Wichita,Kansas,6767,KS
94391770,8300,07/13/2021,20:43,25675,jcb,Jamia,New York City,New York,5632,NY
19587103,3015,10/14/2021,3:19,78621,diners-club-enroute,Feednation,Berkeley,California,9694,CA
67739470,6996,02/12/2022,6:39,76409,bankcard,Meeveo,Reno,Nevada,6206,NV
27749077,3332,05/11/2021,5:50,89905,maestro,Jayo,Roanoke,Virginia,1988,VA
13562280,9705,03/27/2022,19:45,55821,jcb,Bluejam,Madison,Wisconsin,7798,WI
78122422,5342,11/23/2021,19:42,9705,jcb,Meeveo,Raleigh,North Carolina,1164,NC
82621573,5470,06/06/2021,12:43,5248,laser,Dynazzy,Spokane,Washington,2971,WA
39461446,5892,11/08/2021,23:43,28313,maestro,Mita,San Diego,California,5738,CA
23065370,6010,06/22/2021,10:33,3789,americanexpress,Babbleblab,Philadelphia,Pennsylvania,4191,PA
29636454,1460,11/21/2021,3:23,13196,jcb,Nlounge,San Rafael,California,9405,CA
13916154,1883,09/23/2021,15:50,55804,jcb,Lazz,Little Rock,Arkansas,9254,AR
77785373,2393,02/19/2022,18:58,32621,jcb,Mynte,Bakersfield,California,9018,CA
89208909,5588,07/09/2021,22:48,91580,jcb,Gabvine,New York City,New York,4719,NY
73983707,8326,02/20/2022,17:01,19728,americanexpress,Topicshots,Durham,North Carolina,8708,NC
82911530,7327,08/05/2021,23:32,59053,diners-club-enroute,Ailane,Los Angeles,California,3775,CA
37798558,8400,05/28/2021,11:39,82958,mastercard,Skipstorm,Saint Paul,Minnesota,7934,MN
14531639,1364,04/26/2021,7:28,86208,visa-electron,Blogtags,Atlanta,Georgia,6753,GA
83382851,7958,12/31/2021,7:18,78125,solo,Vinder,Dallas,Texas,7532,TX
66401454,2061,12/11/2021,16:27,59505,americanexpress,Thoughtworks,Portland,Oregon,7928,OR
92373949,4460,02/22/2022,1:47,65284,visa-electron,Aimbo,Shreveport,Louisiana,7909,LA
30515262,6259,10/13/2021,4:16,39246,mastercard,Fliptune,El Paso,Texas,1937,TX
67323303,2572,03/08/2022,23:48,72983,americanexpress,Buzzster,Des Moines,Iowa,8361,IA
71690735,1169,04/24/2021,6:11,72764,jcb,Skyndu,Hot Springs National Park,Arkansas,8263,AR
66277643,3830,06/23/2021,20:16,90366,americanexpress,Eire,Woburn,Massachusetts,4264,MA
85785167,9744,02/24/2022,19:39,50543,jcb,Eabox,Austin,Texas,8106,TX
34672026,2702,11/26/2021,19:39,42888,visa,Zoonder,Winston Salem,North Carolina,2354,NC
22855311,2445,10/28/2021,19:25,93328,jcb,Tazz,Seattle,Washington,6940,WA
62130698,7612,04/16/2021,22:20,26101,china-unionpay,Ozu,Knoxville,Tennessee,1970,TN
56299849,6848,04/30/2021,8:47,79330,visa-electron,Twitterwire,Oakland,California,4565,CA
49946530,3790,09/12/2021,7:47,43877,jcb,Miboo,Roanoke,Virginia,3821,VA
25820910,2329,03/26/2022,0:58,49708,laser,Dabvine,Jamaica,New York,6643,NY
50430093,6120,09/15/2021,22:34,73915,jcb,Meevee,Topeka,Kansas,9062,KS
73369474,4078,06/29/2021,15:15,81242,diners-club-carte-blanche,Centidel,Topeka,Kansas,6966,KS
27218346,3094,07/19/2021,19:01,74248,switch,Skimia,Erie,Pennsylvania,8481,PA
15141643,8174,12/22/2021,1:29,30399,maestro,Photobug,Minneapolis,Minnesota,3603,MN
36537283,5399,11/04/2021,17:46,37511,bankcard,Twimm,Shreveport,Louisiana,2692,LA
17487381,6030,10/04/2021,3:38,95974,jcb,Tagcat,Philadelphia,Pennsylvania,8573,PA
27969059,1794,08/30/2021,15:49,77841,jcb,Kazio,Vancouver,Washington,8818,WA
70591792,2314,06/30/2021,2:57,93821,jcb,Jaxnation,Tucson,Arizona,1173,AZ
13201492,4579,03/15/2022,0:47,93616,jcb,Muxo,Hagerstown,Maryland,8034,MD
25161515,8882,06/28/2021,14:35,81305,jcb,Thoughtbridge,Columbus,Ohio,2523,OH
24425698,6853,07/05/2021,18:07,83469,instapayment,Yata,Sioux City,Iowa,4949,IA
38479395,9838,04/27/2021,19:41,43592,laser,Zoonoodle,Philadelphia,Pennsylvania,8976,PA
68464853,8181,06/16/2021,23:29,21746,jcb,Twitterlist,Olympia,Washington,4988,WA
93862654,4621,03/30/2022,16:12,10693,jcb,Brainverse,Philadelphia,Pennsylvania,5732,PA
54858719,4422,04/13/2021,14:08,74811,jcb,Divanoodle,San Jose,California,6319,CA
44308450,3267,07/12/2021,4:05,79435,maestro,Riffwire,Spokane,Washington,7127,WA
93026735,7510,05/13/2021,12:19,27637,americanexpress,Avamm,Tampa,Florida,4852,FL
56140014,9206,06/14/2021,6:48,53482,jcb,Mynte,South Bend,Indiana,1641,IN
31151338,6209,02/15/2022,0:33,11868,diners-club-enroute,Innotype,Spokane,Washington,2712,WA
58298532,2247,10/11/2021,23:40,38285,maestro,Kamba,Tulsa,Oklahoma,5281,OK
96649875,3826,01/18/2022,12:13,96360,jcb,Leenti,Tallahassee,Florida,3193,FL
41695777,5260,06/23/2021,9:45,46909,maestro,Eamia,Springfield,Illinois,1302,IL
20063017,4867,11/29/2021,5:00,42038,jcb,Abata,Houston,Texas,1723,TX
61927977,3896,07/16/2021,23:45,31894,diners-club-international,Babbleopia,Syracuse,New York,5530,NY
27565544,7197,10/12/2021,0:39,13752,maestro,Gabtune,Kansas City,Missouri,1242,MO
74610625,1418,09/21/2021,20:02,89832,jcb,Voolia,Alexandria,Virginia,8775,VA
61353171,5227,05/22/2021,11:12,67530,jcb,Eayo,Edmond,Oklahoma,2899,OK
42275046,3220,03/25/2022,10:24,89908,maestro,Vidoo,Lincoln,Nebraska,3799,NE
29999531,1597,04/22/2021,6:01,44115,china-unionpay,Dabjam,Colorado Springs,Colorado,5633,CO
24639523,5293,06/10/2021,21:23,14923,jcb,Talane,Spring,Texas,6851,TX
72432917,1230,07/11/2021,8:05,15786,mastercard,Edgeblab,Riverside,California,1623,CA
73173521,2565,06/11/2021,22:21,57025,jcb,Skyndu,Bridgeport,Connecticut,3061,CT
31433766,9805,06/08/2021,20:32,32748,jcb,Realcube,New York City,New York,1204,NY
60542071,9691,07/06/2021,1:14,22087,instapayment,Tagopia,Washington,District of Columbia,2586,DC
57022005,4157,01/14/2022,10:36,84308,jcb,Aibox,Houston,Texas,4152,TX
14651844,1485,03/30/2022,21:50,71160,jcb,Plambee,Dallas,Texas,5542,TX
61545157,3951,01/14/2022,10:08,16027,jcb,Trilith,Lawrenceville,Georgia,5222,GA
59890767,1883,06/16/2021,12:49,9194,americanexpress,Quimba,San Antonio,Texas,8750,TX
61642431,8261,10/11/2021,22:49,64092,visa-electron,Flipbug,Washington,District of Columbia,2045,DC
11118854,1359,02/09/2022,13:07,99077,bankcard,Youopia,Concord,California,1487,CA
68326257,9331,01/10/2022,18:15,56585,maestro,Tagchat,Hamilton,Ohio,9454,OH
67977200,8482,09/28/2021,13:23,56928,jcb,Topicblab,Lansing,Michigan,1740,MI
64903558,9825,08/06/2021,12:27,50787,jcb,Jatri,Colorado Springs,Colorado,5914,CO
60409967,3156,02/16/2022,10:28,46050,jcb,Skalith,Harrisburg,Pennsylvania,2902,PA
97803418,2326,05/01/2021,8:52,52686,jcb,Livepath,South Lake Tahoe,California,8837,CA
35074942,4834,06/07/2021,10:05,32322,diners-club-enroute,Trudeo,North Little Rock,Arkansas,1386,AR
86464634,2436,07/04/2021,21:32,31976,maestro,Thoughtbeat,Houston,Texas,3216,TX
25871969,8973,11/30/2021,9:42,94599,visa-electron,Centizu,Austin,Texas,5261,TX
59802348,9383,10/26/2021,18:56,35658,mastercard,Photospace,Houston,Texas,4117,TX
16345110,1286,06/02/2021,23:37,70064,laser,Youspan,New York City,New York,7952,NY
32034783,5632,07/12/2021,0:57,73057,diners-club-carte-blanche,Shufflebeat,Huntington,West Virginia,2629,WV
90128392,9794,10/06/2021,5:51,7167,diners-club-carte-blanche,Thoughtstorm,Houston,Texas,5882,TX
88282585,3093,10/16/2021,16:48,40915,bankcard,Feedfire,Washington,District of Columbia,5419,DC
49454629,3324,01/16/2022,16:18,71405,bankcard,Babbleblab,Tacoma,Washington,4581,WA
57996923,2354,09/13/2021,18:28,259,jcb,Babblestorm,Phoenix,Arizona,9789,AZ
63523491,4800,09/03/2021,23:02,29331,diners-club-enroute,Tazz,Syracuse,New York,8325,NY
23587830,3164,11/10/2021,12:31,25540,diners-club-enroute,Janyx,Oxnard,California,9111,CA
92090361,1546,01/26/2022,2:36,5602,laser,Browsezoom,Philadelphia,Pennsylvania,2347,PA
63717708,9669,04/16/2021,7:14,88207,jcb,Demimbu,Kansas City,Missouri,7956,MO
41883014,1486,11/03/2021,10:41,36387,switch,Skinte,Salt Lake City,Utah,6067,UT
19279857,9725,05/20/2021,5:44,86495,jcb,Muxo,Trenton,New Jersey,3333,NJ
28054728,3699,03/17/2022,7:47,50778,mastercard,Mynte,Bloomington,Indiana,1174,IN
46560877,9953,02/06/2022,17:08,34727,jcb,Buzzdog,Seattle,Washington,7051,WA
45926830,2766,12/30/2021,19:22,57816,diners-club-carte-blanche,Oyoba,Pittsburgh,Pennsylvania,3589,PA
66910549,3348,07/17/2021,2:15,82371,laser,Dabshots,Arlington,Virginia,2478,VA
20410369,1732,01/16/2022,15:59,86290,diners-club-enroute,Twimbo,Albuquerque,New Mexico,4745,NM
18986762,9974,12/12/2021,4:00,81921,china-unionpay,Dynava,Washington,District of Columbia,2366,DC
56056919,5794,01/22/2022,15:52,64055,maestro,Ntags,Kansas City,Missouri,7710,MO
69316802,5237,06/28/2021,4:29,27687,mastercard,Trilith,Carol Stream,Illinois,6294,IL
91178653,2175,03/14/2022,10:59,87353,china-unionpay,Quinu,San Francisco,California,3911,CA
50365747,8063,11/07/2021,11:22,86049,diners-club-enroute,Zoomzone,Columbia,Missouri,5597,MO
31973930,8106,10/14/2021,16:15,8359,visa,Tagcat,Tampa,Florida,1770,FL
74990591,5543,10/23/2021,6:08,99663,jcb,Katz,Dallas,Texas,1536,TX
30942130,1942,07/29/2021,0:00,53788,switch,Avamba,Indianapolis,Indiana,7804,IN
87501495,4477,10/01/2021,19:51,8849,jcb,Topdrive,Washington,District of Columbia,9783,DC
95398440,7577,09/18/2021,8:32,26488,maestro,Mynte,Phoenix,Arizona,5887,AZ
77936075,4023,11/18/2021,9:32,3959,china-unionpay,Zoovu,New Haven,Connecticut,2699,CT
78702003,7264,10/04/2021,2:23,48341,china-unionpay,Jabbercube,El Paso,Texas,4001,TX
42122737,1714,07/31/2021,1:23,63377,china-unionpay,Voonyx,Houston,Texas,6173,TX
31265504,2799,02/18/2022,14:31,74370,jcb,Thoughtbeat,Birmingham,Alabama,1943,AL
56948970,7010,03/11/2022,13:00,84990,jcb,Voonte,Wilmington,Delaware,4012,DE
51685493,1795,06/23/2021,17:46,90291,mastercard,Roombo,Cambridge,Massachusetts,7537,MA
18329026,4771,06/30/2021,13:07,60786,visa-electron,Muxo,Pasadena,California,2477,CA
78554114,9481,01/14/2022,9:55,52660,switch,Eabox,Kansas City,Missouri,4295,MO
70644805,3689,05/13/2021,8:45,82096,maestro,Eazzy,Colorado Springs,Colorado,9388,CO
96882289,6169,01/18/2022,1:20,99455,jcb,Browsezoom,Spokane,Washington,5115,WA
19802431,6644,05/15/2021,19:10,92262,maestro,Skaboo,Port Charlotte,Florida,4038,FL
20447754,2548,01/09/2022,18:42,3227,switch,Tazz,El Paso,Texas,3197,TX
92393147,5489,01/23/2022,6:08,74565,jcb,Devpulse,Spartanburg,South Carolina,7972,SC
77333006,6594,11/12/2021,1:15,88482,maestro,Fivechat,Clearwater,Florida,1359,FL
54661191,6173,07/27/2021,23:21,96396,jcb,Skivee,Mountain View,California,8105,CA
98429894,5458,12/10/2021,9:36,38429,jcb,Skimia,Irvine,California,5754,CA
53359879,2303,05/30/2021,9:53,53972,switch,Flashpoint,Knoxville,Tennessee,2263,TN
71637902,5009,12/11/2021,19:06,66967,jcb,Trilia,Laurel,Maryland,1902,MD
83171113,6479,09/17/2021,10:19,65503,jcb,Oyonder,Washington,District of Columbia,5017,DC
94468097,6640,04/19/2021,20:24,76934,jcb,Skaboo,Pueblo,Colorado,4250,CO
22073216,4341,09/23/2021,14:59,33291,visa-electron,Eazzy,Oklahoma City,Oklahoma,8102,OK
14422393,1149,01/05/2022,13:28,97349,jcb,Twinder,Schenectady,New York,4730,NY
85113847,8263,10/10/2021,19:23,64523,jcb,Wordpedia,Bethesda,Maryland,3152,MD
63607427,1820,03/14/2022,19:10,87582,diners-club-enroute,Mymm,Philadelphia,Pennsylvania,3124,PA
95061460,2078,07/19/2021,18:49,17522,bankcard,Trupe,Fort Worth,Texas,6690,TX
38412318,3306,07/10/2021,18:40,27170,jcb,Dazzlesphere,Austin,Texas,6920,TX
49126390,8337,11/12/2021,11:00,45706,diners-club-carte-blanche,Bubbletube,Rochester,New York,5447,NY
80176460,7638,12/14/2021,19:13,14299,jcb,Blogspan,Denver,Colorado,9286,CO
95694147,1365,03/04/2022,11:33,4833,instapayment,Divanoodle,New York City,New York,8270,NY
85175975,6694,04/21/2021,3:02,40512,laser,Latz,Fort Wayne,Indiana,8271,IN
41759161,8856,03/22/2022,20:51,94129,laser,Gabspot,New York City,New York,7638,NY
42633233,4555,04/05/2022,5:23,65271,jcb,Fivebridge,New Orleans,Louisiana,2193,LA
93163523,7756,11/27/2021,23:51,9631,jcb,Realbridge,Philadelphia,Pennsylvania,5616,PA
19560447,8637,07/31/2021,8:42,88657,china-unionpay,Voolith,Portland,Oregon,2139,OR
94755898,3206,07/11/2021,9:35,10759,china-unionpay,Voonte,Sioux Falls,South Dakota,4538,SD
38377428,8469,12/11/2021,12:26,75720,jcb,Gabtype,New York City,New York,6236,NY
42927280,6190,10/23/2021,13:56,2585,maestro,Brightdog,Raleigh,North Carolina,1527,NC
17501415,3999,03/11/2022,22:16,86781,jcb,Voomm,Columbus,Ohio,7845,OH
59333461,8762,10/06/2021,17:45,53143,diners-club-enroute,Youspan,Lexington,Kentucky,4363,KY
38292113,3245,12/24/2021,8:33,45171,china-unionpay,Jamia,Springfield,Illinois,7550,IL
71359258,4079,01/03/2022,1:28,10323,jcb,Rhyloo,Saint Paul,Minnesota,8618,MN
52668915,7565,09/27/2021,8:34,35825,americanexpress,Abatz,Las Vegas,Nevada,6678,NV
50039388,1461,02/12/2022,9:31,66639,jcb,Gigabox,Greensboro,North Carolina,2285,NC
32440134,4372,04/19/2021,3:44,6313,diners-club-enroute,Tavu,Van Nuys,California,5610,CA
96688016,8783,08/16/2021,3:17,96052,diners-club-carte-blanche,Kwideo,Honolulu,Hawaii,4848,HI
32789227,3975,02/19/2022,19:24,58890,jcb,Quatz,Santa Fe,New Mexico,5472,NM
23324866,3499,12/23/2021,4:53,3878,visa-electron,Brainlounge,Roanoke,Virginia,6078,VA
75485236,4529,12/15/2021,3:54,82330,jcb,Janyx,Las Cruces,New Mexico,3808,NM
34184938,6650,01/25/2022,3:16,31155,switch,Babbleblab,Phoenix,Arizona,4352,AZ
16931280,7319,05/08/2021,19:38,69787,jcb,Agivu,Corpus Christi,Texas,3687,TX
15914851,4881,08/30/2021,21:22,31370,switch,Yozio,Phoenix,Arizona,1731,AZ
89468994,2865,11/25/2021,7:14,29452,jcb,Browseblab,Las Vegas,Nevada,4663,NV
59717157,6307,11/25/2021,13:34,37938,visa,Dynazzy,Fort Wayne,Indiana,6529,IN
73973484,6231,11/02/2021,22:59,70458,americanexpress,Twitterworks,Stockton,California,6305,CA
56706699,2217,05/25/2021,5:36,45188,jcb,Avaveo,Racine,Wisconsin,3630,WI
11320085,7366,07/28/2021,21:42,1713,jcb,Avaveo,Pasadena,Texas,9915,TX
26763087,5768,12/26/2021,8:46,98370,jcb,Meedoo,Melbourne,Florida,2136,FL
19498193,9654,09/13/2021,16:15,94481,jcb,Jabberstorm,Oklahoma City,Oklahoma,7686,OK
30562359,9038,09/15/2021,12:29,22233,mastercard,Youfeed,Las Vegas,Nevada,4652,NV
46924684,7467,08/02/2021,6:45,46743,visa-electron,Livetube,Hartford,Connecticut,3762,CT
64034459,1671,06/22/2021,13:56,44856,jcb,Voonyx,Concord,California,6304,CA
51174405,6907,08/06/2021,2:28,19723,jcb,Pixonyx,New York City,New York,1680,NY
36279940,2831,03/10/2022,4:41,67524,americanexpress,Rooxo,New York City,New York,8313,NY
62237017,7863,10/03/2021,0:42,69211,jcb,Pixonyx,Portland,Oregon,8640,OR
19299552,3374,12/01/2021,12:14,62229,solo,Innotype,Knoxville,Tennessee,9385,TN
47978858,4437,07/02/2021,0:03,81254,jcb,Photofeed,Bethlehem,Pennsylvania,7815,PA
67584761,4349,07/04/2021,21:11,78753,mastercard,Realcube,Atlanta,Georgia,3545,GA
70787871,3423,07/27/2021,17:31,51346,bankcard,Thoughtworks,Denver,Colorado,8783,CO
17314623,4464,06/21/2021,17:12,53768,visa,Cogilith,Charlottesville,Virginia,8040,VA
85585376,3189,12/21/2021,21:00,16098,diners-club-international,Topdrive,Dallas,Texas,3603,TX
36674725,5124,10/13/2021,15:23,76218,maestro,Innotype,Saint Cloud,Minnesota,8385,MN
27324637,7030,06/28/2021,10:20,24966,diners-club-us-ca,Minyx,Washington,District of Columbia,3563,DC
80775840,5053,02/02/2022,18:41,20729,jcb,Ainyx,Athens,Georgia,5135,GA
51600176,8008,07/31/2021,7:11,99628,americanexpress,Gabtype,Seattle,Washington,7872,WA
66013456,1981,04/12/2021,20:11,60770,americanexpress,Eamia,Fort Lauderdale,Florida,9509,FL
11218398,4804,12/14/2021,21:01,32492,switch,Thoughtstorm,Fairfield,Connecticut,8184,CT
27754020,2149,07/02/2021,19:34,14997,mastercard,Skyndu,Louisville,Kentucky,4482,KY
92484416,7791,02/05/2022,10:54,48890,jcb,Latz,Vancouver,Washington,1466,WA
90481288,3526,01/14/2022,3:49,94123,instapayment,LiveZ,Colorado Springs,Colorado,8218,CO
55834556,5433,05/23/2021,0:08,79290,diners-club-carte-blanche,Demizz,Charleston,West Virginia,2373,WV
20677558,1748,10/24/2021,11:23,48370,jcb,Browsezoom,El Paso,Texas,8384,TX
69572375,9401,01/12/2022,23:37,90948,jcb,Oyondu,Murfreesboro,Tennessee,3350,TN
44476062,9481,03/16/2022,4:45,11086,bankcard,Voonyx,Worcester,Massachusetts,6996,MA
75897181,5153,01/04/2022,19:58,24471,visa-electron,Centimia,Topeka,Kansas,6811,KS
17096015,8552,09/20/2021,19:07,71193,china-unionpay,Rhynyx,New York City,New York,4444,NY
12695009,6243,09/22/2021,17:03,97379,jcb,Gabvine,Salt Lake City,Utah,3994,UT
34072089,1784,08/18/2021,14:22,81904,jcb,Dynabox,Lakewood,Washington,1415,WA
22629860,2005,04/17/2021,13:20,74646,visa-electron,Skynoodle,Montgomery,Alabama,6707,AL
39942398,9204,06/03/2021,14:47,85453,diners-club-carte-blanche,Tagpad,Oklahoma City,Oklahoma,9313,OK
67634225,7727,06/09/2021,23:03,98361,bankcard,Photospace,Harrisburg,Pennsylvania,9841,PA
31786788,8008,07/08/2021,5:57,18284,mastercard,Fiveclub,Salt Lake City,Utah,5586,UT
34763914,4645,10/21/2021,9:52,2395,bankcard,Shuffletag,White Plains,New York,9063,NY
76950143,7560,12/30/2021,20:14,9008,jcb,Layo,New York City,New York,1769,NY
77445139,3772,07/12/2021,1:12,69649,americanexpress,Thoughtbeat,Toledo,Ohio,6824,OH
47801570,7530,06/02/2021,18:56,79262,jcb,Jabbersphere,Columbus,Ohio,3999,OH
98537008,2221,02/24/2022,19:26,86223,solo,Zoonder,Oakland,California,9195,CA
73878227,5102,09/28/2021,15:46,96036,china-unionpay,Shufflester,Fort Wayne,Indiana,2729,IN
31319319,1291,01/17/2022,9:14,14771,visa-electron,Skinte,Spartanburg,South Carolina,8027,SC
64134269,7683,07/11/2021,21:20,80859,diners-club-enroute,Voonte,Brooklyn,New York,3698,NY
74666710,4239,02/11/2022,13:34,92614,jcb,JumpXS,Milwaukee,Wisconsin,1235,WI
31188965,7848,03/16/2022,20:07,49523,jcb,Skipstorm,Houston,Texas,7431,TX
20341704,2453,07/04/2021,12:17,30160,mastercard,Browsecat,Wilmington,Delaware,5765,DE
13801247,8403,11/01/2021,22:32,7683,mastercard,Shuffletag,Panama City,Florida,7309,FL
90522968,8073,08/31/2021,20:05,54001,china-unionpay,Buzzdog,Springfield,Massachusetts,4565,MA
50134508,8409,05/01/2021,15:27,16823,jcb,Yadel,Portland,Oregon,3981,OR
98530106,3330,06/06/2021,3:30,20698,jcb,Agimba,Arlington,Texas,4417,TX
22300018,4316,04/13/2021,17:40,91351,diners-club-enroute,Bluejam,Dallas,Texas,8590,TX
59546015,3578,11/25/2021,22:24,51905,diners-club-carte-blanche,Ailane,Whittier,California,6669,CA
57263094,7830,09/20/2021,11:54,26102,jcb,Teklist,Colorado Springs,Colorado,3784,CO
76414236,2179,01/29/2022,21:29,70848,jcb,Gigashots,Peoria,Illinois,5850,IL
44448766,5363,07/29/2021,8:12,48164,jcb,Dabfeed,Detroit,Michigan,4848,MI
37081253,5481,05/04/2021,11:29,25005,mastercard,Browsetype,Las Vegas,Nevada,7030,NV
45751524,3050,08/18/2021,22:45,42289,maestro,Vinte,Boston,Massachusetts,8513,MA
28846357,2955,01/15/2022,15:15,48502,jcb,Flipbug,Tucson,Arizona,3754,AZ
84499706,2354,01/05/2022,22:28,44988,mastercard,Viva,San Antonio,Texas,8849,TX
39833530,7683,06/01/2021,16:37,97666,mastercard,Tambee,Orlando,Florida,5494,FL
36009412,2488,07/24/2021,22:33,27244,diners-club-enroute,Buzzster,El Paso,Texas,7849,TX
24614291,8925,06/30/2021,15:08,2822,jcb,Vinder,Honolulu,Hawaii,9985,HI
40463383,4235,11/23/2021,10:25,56921,bankcard,Babbleopia,Rochester,New York,8784,NY
97204218,2419,02/28/2022,15:24,62745,bankcard,Feedspan,Shawnee Mission,Kansas,9593,KS
78161972,5586,12/07/2021,11:35,25020,jcb,Voonder,New York City,New York,9504,NY
59487249,7525,08/17/2021,22:58,37943,jcb,Katz,Dayton,Ohio,1390,OH
69523800,4679,10/17/2021,11:19,895,china-unionpay,Twitterwire,Olympia,Washington,2509,WA
95546084,9273,06/17/2021,23:31,16320,maestro,Feedmix,Santa Ana,California,5547,CA
52608023,9983,02/01/2022,7:06,36739,mastercard,Quamba,Alexandria,Virginia,7351,VA
36356304,9462,06/11/2021,13:56,55832,china-unionpay,Shuffledrive,Oakland,California,3980,CA
90366946,5776,05/16/2021,12:24,73226,china-unionpay,Thoughtblab,Pasadena,California,6937,CA
50425482,9049,10/08/2021,23:47,24612,switch,Jabbercube,Evansville,Indiana,4980,IN
71224693,2160,07/30/2021,5:22,55693,maestro,Jabbercube,Monroe,Louisiana,4518,LA
75638562,8239,07/26/2021,17:20,76527,jcb,Nlounge,Gilbert,Arizona,6296,AZ
27933713,6230,06/01/2021,23:30,38042,diners-club-carte-blanche,Gigazoom,Palmdale,California,6647,CA
18596914,1462,11/02/2021,22:07,62093,jcb,Riffpath,Philadelphia,Pennsylvania,2051,PA
12155899,8642,12/10/2021,3:33,89597,jcb,Yacero,Corpus Christi,Texas,8054,TX
67500987,5304,03/24/2022,12:55,86479,visa-electron,Feedspan,Lansing,Michigan,2190,MI
67014970,9413,11/07/2021,20:51,87573,maestro,Zoovu,El Paso,Texas,9676,TX
75328898,9868,07/22/2021,23:32,14602,jcb,Skimia,Simi Valley,California,3289,CA
51142654,8883,05/10/2021,23:48,59282,diners-club-enroute,Layo,Stockton,California,5175,CA
74853277,2526,03/25/2022,13:21,14843,jcb,Oyoyo,New York City,New York,9133,NY
28296193,4379,06/20/2021,8:06,80636,mastercard,Yozio,Oakland,California,9985,CA
14176533,5368,01/22/2022,19:09,34321,jcb,Photobug,Hyattsville,Maryland,2663,MD
85724948,3278,12/31/2021,10:19,83588,jcb,Leenti,Spokane,Washington,4277,WA
76877438,9310,03/24/2022,23:43,24038,switch,Latz,Baton Rouge,Louisiana,8275,LA
30010642,2637,04/14/2021,4:01,92536,jcb,Layo,Los Angeles,California,9426,CA
84947347,8378,12/31/2021,7:42,70827,mastercard,Realfire,San Bernardino,California,7618,CA
50526496,5831,08/09/2021,14:24,73955,jcb,Browseblab,New Orleans,Louisiana,9419,LA
64270671,2121,01/17/2022,10:25,83914,jcb,Trupe,Arlington,Texas,8600,TX
60847005,2669,01/11/2022,18:59,42935,bankcard,Wordtune,Cincinnati,Ohio,6703,OH
91313662,6844,05/06/2021,9:01,7850,maestro,Wikivu,Tucson,Arizona,3329,AZ
99771002,6869,10/22/2021,14:51,85984,jcb,Thoughtstorm,Springfield,Illinois,3850,IL
14336099,9863,10/25/2021,18:17,11341,jcb,Minyx,Carol Stream,Illinois,8102,IL
67998644,7379,08/28/2021,0:21,65369,jcb,Tagfeed,Louisville,Kentucky,7202,KY
87629879,6478,12/04/2021,5:27,1611,americanexpress,Topicblab,New York City,New York,6139,NY
40465233,9390,06/30/2021,12:44,33771,visa,Photobug,South Bend,Indiana,9316,IN
21580904,2115,09/30/2021,6:27,50571,mastercard,Feedmix,Santa Monica,California,3947,CA
98007463,7230,04/09/2021,23:32,84162,switch,Oyoloo,Norfolk,Virginia,1443,VA
27721037,9730,05/03/2021,11:31,78708,jcb,Oyoba,Wilmington,North Carolina,5822,NC
82235577,6284,03/11/2022,23:08,55532,mastercard,Kwideo,Dallas,Texas,9678,TX
19075807,8487,03/29/2022,2:00,64882,bankcard,Wikivu,New Brunswick,New Jersey,6180,NJ
61637276,2164,06/14/2021,5:07,62393,mastercard,Meetz,Metairie,Louisiana,5107,LA
40352685,6924,04/17/2021,17:59,45784,instapayment,Skiba,Memphis,Tennessee,6812,TN
20241688,5586,10/05/2021,14:24,86375,jcb,Yambee,Lexington,Kentucky,3091,KY
91606814,6536,04/08/2021,14:58,35472,mastercard,Dabfeed,Charlotte,North Carolina,4347,NC
92228975,7025,01/15/2022,1:23,61631,jcb,Zoomdog,Miami,Florida,7835,FL
90117891,1826,09/30/2021,20:05,77243,jcb,Skyvu,Fresno,California,8549,CA
97989920,6110,11/24/2021,23:19,85479,laser,Fatz,Washington,District of Columbia,9827,DC
11516416,8744,01/21/2022,8:35,40018,china-unionpay,Skyvu,Anchorage,Alaska,2907,AK
41980934,1372,10/03/2021,9:44,99666,visa-electron,Dabfeed,Mount Vernon,New York,5972,NY
41155153,8428,10/19/2021,15:41,39107,visa,Jaxspan,Springfield,Illinois,6270,IL
90949532,4415,08/23/2021,21:20,51011,americanexpress,Photobug,Salinas,California,4904,CA
58325266,8707,11/15/2021,10:36,13846,mastercard,Cogibox,Springfield,Ohio,2487,OH
35271883,9215,06/03/2021,22:10,30739,jcb,Rooxo,College Station,Texas,9954,TX
86988291,6436,06/09/2021,2:40,23992,maestro,Camido,Charleston,West Virginia,9867,WV
61135865,2588,09/12/2021,18:09,72080,diners-club-us-ca,Mymm,Huntsville,Alabama,3605,AL
74949293,2048,06/14/2021,7:07,3376,jcb,BlogXS,New Haven,Connecticut,9319,CT
20329936,4551,05/16/2021,1:21,77683,bankcard,Quire,Phoenix,Arizona,7461,AZ
84594193,2747,01/06/2022,22:04,56426,mastercard,Dabjam,Worcester,Massachusetts,3219,MA
62662651,5164,08/07/2021,17:15,80072,jcb,Gabspot,Midland,Texas,5159,TX
84522926,6191,06/08/2021,11:28,57857,jcb,Yambee,Shreveport,Louisiana,3816,LA
73995452,3958,10/18/2021,21:50,85146,jcb,Flipbug,Memphis,Tennessee,5850,TN
69620991,1422,02/28/2022,5:06,22408,jcb,Youopia,Miami,Florida,9052,FL
14382881,6727,03/15/2022,0:24,47526,jcb,Camimbo,Sioux City,Iowa,8850,IA
66172228,5544,04/03/2022,13:13,66018,jcb,Skipstorm,San Antonio,Texas,5409,TX
52094631,8867,01/21/2022,11:36,21548,jcb,Rhybox,Arlington,Virginia,5474,VA
32739645,6349,02/27/2022,16:18,8808,diners-club-enroute,Flashdog,Little Rock,Arkansas,1742,AR
60075955,1379,04/21/2021,15:08,33175,jcb,Avamba,Buffalo,New York,8827,NY
84801441,5932,04/15/2021,12:04,85711,diners-club-carte-blanche,Fanoodle,Topeka,Kansas,7729,KS
92667467,2912,11/03/2021,20:08,76530,jcb,Demizz,Naples,Florida,5892,FL
59891542,8282,10/14/2021,15:54,72134,jcb,Thoughtsphere,Boston,Massachusetts,8598,MA
60159545,6239,11/11/2021,5:45,53196,mastercard,Zooxo,Raleigh,North Carolina,6092,NC
76615889,6372,01/11/2022,11:56,57640,jcb,Trilia,New York City,New York,1991,NY
97331474,1545,04/18/2021,11:30,3023,jcb,Tagtune,Lincoln,Nebraska,8166,NE
80806655,7388,02/19/2022,15:51,40499,diners-club-carte-blanche,Chatterbridge,Miami,Florida,9299,FL
19798724,5008,10/04/2021,23:43,48897,jcb,Eire,Waterbury,Connecticut,4939,CT
58087402,1541,04/20/2021,10:04,26625,jcb,Fliptune,Chicago,Illinois,9411,IL
94607995,8513,07/31/2021,14:23,36041,jcb,Topicstorm,Chicago,Illinois,9341,IL
97537466,5495,11/30/2021,19:36,61859,jcb,Yakidoo,New York City,New York,1206,NY
35224989,8439,03/03/2022,21:21,985,laser,Meemm,Arvada,Colorado,4385,CO
49474277,7148,10/05/2021,18:46,79797,bankcard,Eamia,Sioux Falls,South Dakota,6214,SD
54809020,9985,01/21/2022,5:19,6244,solo,Feedfire,Kent,Washington,2892,WA
97441799,3585,12/01/2021,3:18,38010,jcb,Gabtype,Washington,District of Columbia,2987,DC
76159501,5519,07/04/2021,14:15,7850,jcb,Realfire,Katy,Texas,4470,TX
62798351,5113,11/17/2021,19:55,16117,mastercard,Roombo,Brea,California,1453,CA
20872119,6520,07/04/2021,17:19,7592,diners-club-us-ca,Ainyx,Waco,Texas,7880,TX
48812316,4104,04/12/2021,16:10,45800,jcb,Zoombox,Charleston,West Virginia,7201,WV
80593863,8693,12/24/2021,14:43,44769,jcb,Kwimbee,Atlanta,Georgia,7452,GA
31203210,2914,11/11/2021,9:15,77753,diners-club-enroute,Eabox,Des Moines,Iowa,1877,IA
40978765,9288,04/11/2021,20:26,83059,switch,Oba,Evansville,Indiana,8627,IN
15048038,1894,04/07/2021,3:21,41151,jcb,Feedspan,El Paso,Texas,5734,TX
82384842,3601,09/18/2021,23:51,55677,diners-club-us-ca,Voonix,Sioux Falls,South Dakota,1571,SD
28467526,5812,06/26/2021,22:19,38840,maestro,Buzzster,Savannah,Georgia,5287,GA
56590391,4942,05/14/2021,20:36,55077,jcb,Gigazoom,Grand Junction,Colorado,6474,CO
42937194,1743,03/11/2022,20:31,84795,bankcard,Ntags,Memphis,Tennessee,7284,TN
97274855,4842,09/08/2021,16:25,38916,visa-electron,Aibox,Fairbanks,Alaska,5632,AK
66003396,2287,06/06/2021,1:35,6373,jcb,Twitterworks,Edmond,Oklahoma,9132,OK
69862318,3213,06/07/2021,0:17,73266,bankcard,Midel,Kansas City,Missouri,7940,MO
91782418,7877,09/11/2021,0:15,26718,jcb,Jamia,Baltimore,Maryland,3811,MD
96836966,4109,10/06/2021,3:38,16833,visa-electron,Skyvu,Las Cruces,New Mexico,5018,NM
65982874,4554,07/20/2021,4:48,43892,maestro,Quimm,Saint Louis,Missouri,9243,MO
90718761,3728,05/25/2021,23:00,44565,bankcard,Oyoloo,Memphis,Tennessee,2477,TN
96398085,9113,07/07/2021,20:56,58765,diners-club-enroute,Blogspan,El Paso,Texas,1280,TX
25651215,6087,02/09/2022,13:05,51530,instapayment,Eimbee,Jacksonville,Florida,7984,FL
99570326,9815,01/02/2022,5:57,3165,jcb,Jazzy,Tuscaloosa,Alabama,4223,AL
58783087,1161,04/19/2021,10:41,43345,laser,Topdrive,Boca Raton,Florida,5025,FL
61504835,9054,01/11/2022,4:50,92272,jcb,Mydo,Washington,District of Columbia,2183,DC
63261272,7881,10/23/2021,8:49,70624,switch,Linkbuzz,Saint Louis,Missouri,5719,MO
74786176,7441,12/05/2021,18:08,20045,jcb,Skaboo,Louisville,Kentucky,8057,KY
61172238,5097,05/17/2021,16:24,65312,bankcard,Muxo,Beaumont,Texas,4366,TX
