customerNumber (CIF),dateOfBirth,branchNumber,citizenshipCode,currCountryCode,employmentStatus,incomeInThousands,marketSegment,maritalStatus,stateCode,City,customerOpeningDate,Gender
78057531,09/06/1992,571,US,USD,unemployed,1521044,behavioral,single,FL,Clearwater,11/14/2017,Male
17242890,08/09/1998,313,US,USD,salaried,809092,behavioral,separated,UT,Salt Lake City,12/14/2021,Female
93580741,01/07/1999,358,US,USD,self-employed,222272,Standard,married,CA,San Jose,09/04/2015,Male
19369151,12/03/1997,649,US,USD,employed,831964,geographic,single,OK,Tulsa,05/10/2015,Male
87281717,14/03/2005,968,US,USD,self-employed,589477,behavioral,single,NY,New York City,03/12/2018,Male
63592063,04/02/2003,957,US,USD,salaried,1674809,demographic,single,NY,New York City,06/04/2020,Male
39212821,31/07/1996,543,US,USD,salaried,261929,psychographic,married,OH,Toledo,02/27/2020,Female
27279306,14/06/1991,584,US,USD,employed,597108,geographic,single,GA,Savannah,03/24/2016,Male
82254475,17/05/1996,348,US,USD,self-employed,758767,behavioral,married,TX,Mesquite,09/03/2021,Male
67800457,18/03/2003,669,US,USD,self-employed,1739920,behavioral,single,CA,Los Angeles,08/02/2015,Male
63388204,15/09/1999,952,US,USD,employed,1878193,demographic,married,NE,Omaha,06/05/2019,Female
59696932,22/05/2002,387,US,USD,unemployed,271829,psychographic,married,CA,Long Beach,07/14/2017,Male
72221049,27/09/2001,764,US,USD,salaried,1673583,geographic,single,GA,Atlanta,12/12/2015,Non-binary
36451551,28/11/1990,749,US,USD,unemployed,377572,geographic,separated,CA,Los Angeles,05/27/2019,Male
11177865,17/05/1990,367,US,USD,self-employed,103255,behavioral,married,AL,Tuscaloosa,06/24/2019,Male
92788578,03/10/1995,623,US,USD,self-employed,742653,demographic,married,VA,Charlottesville,04/27/2019,Male
47529362,25/05/1996,14,US,USD,unemployed,403376,Standard,single,TX,Arlington,08/07/2014,Female
41219965,11/05/1999,722,US,USD,salaried,1921409,behavioral,separated,GA,Lawrenceville,12/29/2018,Male
88443130,06/05/1991,878,US,USD,unemployed,1526683,demographic,single,TX,Midland,10/07/2014,Male
63498409,25/12/1992,947,US,USD,unemployed,1289974,Standard,married,NC,Durham,02/03/2020,Male
80858648,01/10/2003,368,US,USD,unemployed,1036952,geographic,married,PA,Philadelphia,08/28/2016,Male
81190210,24/08/1992,104,US,USD,self-employed,506947,psychographic,single,CA,San Diego,08/22/2018,Male
64800471,31/12/2001,34,US,USD,self-employed,534911,Standard,separated,AK,Anchorage,09/09/2019,Female
24359540,10/12/1989,674,US,USD,unemployed,1603795,psychographic,single,FL,Orlando,05/19/2020,Female
35579038,09/05/2004,938,US,USD,unemployed,1716463,Standard,single,SC,Columbia,04/08/2020,Female
37655863,26/12/1999,723,US,USD,unemployed,1083746,psychographic,married,CA,Santa Barbara,09/30/2015,Male
18331274,12/11/2001,811,US,USD,salaried,879040,behavioral,married,TX,Fort Worth,02/04/2017,Male
99110447,02/08/1991,210,US,USD,salaried,1412239,demographic,single,NC,Charlotte,05/01/2020,Male
46315984,08/12/1994,580,US,USD,salaried,603058,geographic,single,NE,Omaha,08/13/2014,Male
87816152,24/09/1989,848,US,USD,salaried,445594,psychographic,married,PA,Erie,09/18/2017,Female
90866097,16/11/1995,547,US,USD,self-employed,89847,Standard,separated,FL,Fort Lauderdale,03/19/2021,Male
30728531,15/02/1999,399,US,USD,salaried,876835,Standard,separated,CT,New Haven,01/04/2018,Male
76527874,29/09/2002,684,US,USD,employed,1018568,Standard,separated,NY,New York City,02/20/2021,Male
21821452,26/03/2005,835,US,USD,self-employed,1367654,geographic,separated,PA,Pittsburgh,12/04/2015,Female
17182592,02/07/1992,64,US,USD,unemployed,1624565,behavioral,single,TX,San Antonio,06/08/2017,Female
46152519,29/05/1993,103,US,USD,self-employed,1611714,Standard,separated,SC,Beaufort,01/08/2022,Female
78156842,11/03/2003,207,US,USD,salaried,987284,geographic,separated,CT,Hartford,11/04/2014,Male
91916177,19/05/1993,561,US,USD,salaried,1503582,psychographic,married,OR,Salem,04/16/2014,Female
52344533,13/01/2003,197,US,USD,unemployed,664535,behavioral,single,OH,Youngstown,09/09/2021,Male
38669705,15/11/1996,589,US,USD,unemployed,1964196,psychographic,single,FL,Jacksonville,08/03/2016,Female
78145026,14/10/2003,865,US,USD,unemployed,462861,Standard,married,PA,Erie,10/22/2020,Female
38585810,12/04/1990,454,US,USD,salaried,333856,geographic,single,NV,Henderson,06/29/2017,Male
31359395,10/04/1998,744,US,USD,salaried,1182409,behavioral,married,FL,Jacksonville,05/28/2015,Male
62091950,22/01/1995,584,US,USD,salaried,1944150,Standard,separated,TX,San Antonio,03/26/2018,Male
66586014,23/01/1999,763,US,USD,unemployed,545577,Standard,married,FL,Bradenton,01/19/2020,Male
40929201,12/01/1991,353,US,USD,unemployed,1147734,Standard,separated,AZ,Phoenix,01/30/2016,Male
43495743,10/02/2002,267,US,USD,salaried,246799,behavioral,separated,CA,Los Angeles,05/06/2020,Male
72367622,19/07/1995,41,US,USD,salaried,562246,demographic,single,AL,Montgomery,07/15/2016,Male
97334701,30/06/2002,416,US,USD,salaried,543346,geographic,separated,IN,Evansville,08/24/2014,Female
12733699,19/02/1990,284,US,USD,salaried,973192,demographic,married,MD,Silver Spring,04/06/2018,Bigender
25895086,02/10/1996,804,US,USD,self-employed,1301229,behavioral,separated,MO,Kansas City,12/10/2018,Female
97816923,25/06/1995,297,US,USD,employed,1507655,geographic,married,NY,Great Neck,09/16/2015,Female
79000112,16/07/2000,157,US,USD,unemployed,1639587,behavioral,married,IN,South Bend,07/03/2015,Female
33670982,25/02/1996,661,US,USD,unemployed,1402926,Standard,single,CA,Los Angeles,05/11/2016,Male
99584393,17/05/1995,307,US,USD,employed,287735,geographic,married,NJ,Trenton,03/11/2015,Female
57862191,10/12/1997,707,US,USD,self-employed,1524238,behavioral,single,CA,Bakersfield,12/17/2016,Female
67309043,13/01/1999,530,US,USD,salaried,773151,demographic,separated,TX,Arlington,09/09/2016,Male
12742504,13/07/1989,746,US,USD,employed,1015429,Standard,married,CA,Garden Grove,07/20/2017,Male
51827250,03/09/1993,549,US,USD,unemployed,1224847,behavioral,separated,CO,Littleton,09/19/2018,Female
78636336,17/07/2003,117,US,USD,salaried,274856,demographic,separated,OR,Portland,08/10/2020,Male
18487588,15/12/1997,876,US,USD,unemployed,1028276,psychographic,single,CA,Sacramento,10/09/2020,Female
76671137,19/10/2001,9,US,USD,salaried,177526,geographic,separated,TX,Austin,10/10/2015,Male
19352666,29/06/1991,84,US,USD,employed,1422487,Standard,married,CA,Pasadena,01/26/2015,Female
54467197,30/05/1997,815,US,USD,employed,1689341,Standard,single,MI,Lansing,05/19/2019,Female
95950425,28/12/1999,140,US,USD,self-employed,1499361,geographic,married,IN,Indianapolis,10/03/2015,Male
94736958,28/07/1992,303,US,USD,self-employed,981951,behavioral,separated,MD,Silver Spring,01/12/2022,Female
14695753,01/09/1998,975,US,USD,salaried,1294536,demographic,married,IN,Anderson,03/19/2019,Male
40636520,03/05/1989,108,US,USD,employed,460899,psychographic,married,FL,Tampa,10/29/2021,Male
79164841,14/03/1992,70,US,USD,employed,686856,Standard,single,MN,Young America,09/03/2016,Male
72210978,15/10/2004,530,US,USD,unemployed,1835168,geographic,separated,CA,Irvine,12/29/2014,Female
34266798,20/03/1993,547,US,USD,salaried,394420,geographic,married,MO,Kansas City,08/06/2014,Genderfluid
29939975,05/10/1990,899,US,USD,salaried,1498989,psychographic,single,MA,Boston,02/10/2020,Genderfluid
75793591,16/09/1989,272,US,USD,employed,1030101,Standard,married,NC,Charlotte,11/16/2015,Male
53106257,06/08/1989,571,US,USD,self-employed,432743,psychographic,separated,IL,Bloomington,06/20/2018,Male
90570719,05/01/1998,691,US,USD,salaried,1720791,psychographic,married,CA,Van Nuys,03/21/2019,Female
87526537,05/01/2003,776,US,USD,self-employed,937370,demographic,married,NY,New York City,08/19/2014,Male
29888722,26/05/1991,297,US,USD,salaried,993224,psychographic,separated,CA,Oakland,01/27/2018,Male
73209254,16/04/2004,248,US,USD,employed,1663655,demographic,separated,TX,Amarillo,02/10/2020,Male
88616211,19/03/1991,190,US,USD,unemployed,1984166,psychographic,single,OH,Cincinnati,02/10/2016,Female
94121108,26/02/1996,420,US,USD,self-employed,461441,geographic,married,AL,Birmingham,01/03/2019,Female
50679536,21/04/1990,547,US,USD,unemployed,707664,psychographic,single,ID,Boise,08/26/2020,Female
46004372,30/11/1989,85,US,USD,employed,1298681,geographic,married,TN,Memphis,09/04/2015,Male
48656585,23/04/2001,592,US,USD,self-employed,756503,psychographic,separated,NY,New York City,11/08/2016,Male
70682148,18/04/2002,288,US,USD,employed,1456829,geographic,single,MI,Southfield,09/18/2017,Female
20048419,16/06/2003,101,US,USD,unemployed,1077164,geographic,married,SC,Spartanburg,06/02/2018,Female
32204697,14/02/2005,654,US,USD,employed,1981764,Standard,married,OK,Oklahoma City,04/17/2017,Female
13555297,20/02/1992,190,US,USD,self-employed,1933386,demographic,single,CO,Denver,11/14/2019,Female
34688551,30/06/1994,490,US,USD,employed,944324,behavioral,single,MI,Kalamazoo,06/05/2015,Female
38844397,29/09/2003,567,US,USD,employed,13600,Standard,separated,MI,Lansing,12/18/2019,Female
12407711,07/10/1990,866,US,USD,salaried,647413,psychographic,married,MA,New Bedford,09/06/2021,Male
20694355,05/12/1996,557,US,USD,salaried,1857909,Standard,separated,MO,Lees Summit,03/01/2021,Female
42353716,30/09/1997,620,US,USD,self-employed,594071,behavioral,separated,FL,Homestead,01/13/2020,Male
37239627,02/09/1997,502,US,USD,salaried,1771176,behavioral,separated,NV,Las Vegas,12/07/2017,Female
72996615,10/11/1989,80,US,USD,self-employed,757262,psychographic,single,OR,Portland,02/21/2018,Male
59261157,22/12/2000,76,US,USD,unemployed,814416,geographic,single,MN,Maple Plain,10/09/2018,Agender
27641934,07/02/1998,912,US,USD,employed,1004636,demographic,single,OR,Portland,03/22/2021,Female
17778623,21/02/1991,503,US,USD,unemployed,1511694,psychographic,separated,NY,Syracuse,04/04/2018,Female
27873599,02/03/2005,206,US,USD,self-employed,1047629,demographic,single,KS,Wichita,05/28/2021,Genderfluid
93574427,18/09/2001,632,US,USD,self-employed,975584,demographic,married,MO,Kansas City,01/27/2016,Female
24773966,25/10/1999,535,US,USD,self-employed,1833310,geographic,separated,LA,Baton Rouge,04/10/2018,Female
89180642,26/07/1990,907,US,USD,employed,234324,behavioral,married,LA,New Orleans,03/14/2018,Genderqueer
59278590,26/11/1992,280,US,USD,employed,71458,psychographic,separated,NJ,Trenton,02/19/2022,Male
94889587,26/07/1998,618,US,USD,salaried,456636,demographic,separated,CA,Concord,05/01/2021,Male
80967148,04/04/2003,438,US,USD,employed,1240226,behavioral,separated,TX,El Paso,05/28/2015,Non-binary
83282686,10/07/1991,618,US,USD,unemployed,1398355,behavioral,married,MA,Boston,02/27/2019,Male
82111268,15/06/2002,217,US,USD,self-employed,343462,psychographic,separated,NY,Utica,12/14/2016,Male
94847034,12/05/1993,266,US,USD,unemployed,1610015,demographic,married,DC,Washington,11/08/2020,Female
95821026,22/01/1999,926,US,USD,employed,1627101,psychographic,separated,NE,Omaha,07/04/2019,Female
72664219,18/05/2000,813,US,USD,employed,338083,behavioral,single,TX,Garland,10/18/2018,Female
31328662,15/10/1996,975,US,USD,salaried,1534964,psychographic,married,CA,Los Angeles,11/03/2015,Male
77107664,24/02/1998,81,US,USD,unemployed,287964,behavioral,single,NC,Fayetteville,07/19/2014,Male
59007947,20/09/1998,274,US,USD,employed,364035,geographic,married,LA,Lake Charles,03/02/2022,Male
84367169,15/02/1995,332,US,USD,employed,261270,behavioral,single,PA,Erie,10/11/2020,Female
32173376,20/01/1991,529,US,USD,employed,1363384,demographic,married,CA,San Francisco,03/08/2021,Male
75232432,02/08/1995,886,US,USD,unemployed,1544216,demographic,married,KS,Kansas City,06/10/2015,Genderqueer
48793785,28/09/1999,103,US,USD,unemployed,568880,behavioral,married,MA,Worcester,06/08/2017,Female
39052527,17/11/1998,970,US,USD,self-employed,850405,demographic,single,GA,Macon,02/03/2016,Male
15241985,11/12/1997,801,US,USD,salaried,252372,geographic,single,IL,Peoria,05/25/2021,Female
48906142,03/12/2003,811,US,USD,employed,1310676,behavioral,separated,LA,Lafayette,12/05/2014,Female
59502991,01/12/2002,731,US,USD,salaried,388702,demographic,single,CA,Redwood City,10/06/2014,Polygender
52255715,07/07/1991,894,US,USD,employed,504886,behavioral,single,MO,Columbia,12/09/2018,Female
61081139,15/05/1999,987,US,USD,employed,1915138,demographic,separated,AK,Anchorage,05/03/2019,Male
86522998,14/01/1995,349,US,USD,unemployed,332924,behavioral,single,GA,Savannah,02/27/2019,Male
85611366,14/05/1993,988,US,USD,self-employed,78862,geographic,married,CA,Irvine,07/08/2015,Female
60689658,22/02/2002,793,US,USD,unemployed,1858740,behavioral,single,IL,Chicago,03/11/2018,Genderqueer
92767216,24/12/1992,543,US,USD,employed,971853,behavioral,married,TX,Houston,06/21/2020,Female
84298880,10/11/1996,37,US,USD,employed,114493,geographic,single,DC,Washington,03/21/2018,Female
97267303,18/04/1995,863,US,USD,employed,1181362,behavioral,single,TX,Katy,10/28/2018,Female
65539631,11/05/1994,610,US,USD,unemployed,645012,psychographic,single,CO,Colorado Springs,09/27/2020,Male
53220333,31/12/2003,137,US,USD,employed,1950001,psychographic,single,DC,Washington,06/09/2019,Male
77604594,05/10/1998,338,US,USD,salaried,1460605,demographic,separated,TX,San Antonio,03/22/2021,Male
82763400,20/11/1996,873,US,USD,salaried,822432,psychographic,single,TX,Corpus Christi,04/30/2019,Male
44425512,19/01/2002,910,US,USD,employed,120955,geographic,separated,WV,Morgantown,05/22/2018,Male
99662859,04/01/1991,343,US,USD,salaried,420716,psychographic,married,WV,Charleston,06/27/2017,Female
98634037,12/04/2001,659,US,USD,self-employed,1891699,geographic,single,TX,Plano,07/14/2016,Agender
76831845,29/12/1990,980,US,USD,unemployed,1594187,geographic,married,PA,New Castle,08/20/2016,Female
72074045,09/04/1992,805,US,USD,self-employed,810657,geographic,single,NH,Manchester,05/04/2017,Female
21802327,05/05/1993,676,US,USD,employed,1332050,Standard,separated,CT,Bridgeport,03/08/2021,Bigender
93505321,30/06/2004,829,US,USD,employed,1394195,psychographic,married,NM,Albuquerque,12/20/2014,Genderfluid
52905098,25/09/1998,612,US,USD,unemployed,1686179,psychographic,separated,NY,Bronx,03/29/2018,Male
63882003,26/12/2001,921,US,USD,self-employed,512569,psychographic,married,FL,Sarasota,12/21/2018,Male
59783247,03/02/1995,967,US,USD,salaried,1471326,demographic,married,MA,Boston,09/08/2017,Male
72620554,03/11/1999,617,US,USD,employed,381302,behavioral,married,CO,Denver,01/14/2016,Non-binary
40047789,18/11/1993,178,US,USD,self-employed,435978,Standard,single,MI,Lansing,04/25/2014,Male
38419159,12/01/1995,85,US,USD,employed,27698,behavioral,single,AK,Anchorage,03/29/2020,Genderqueer
83537914,09/05/1997,207,US,USD,self-employed,997594,geographic,single,CA,Sacramento,03/24/2021,Male
92712535,19/04/2004,809,US,USD,employed,1824496,psychographic,separated,OH,Akron,09/05/2015,Genderfluid
20002534,02/01/1996,821,US,USD,salaried,493879,psychographic,separated,CA,Los Angeles,06/08/2019,Female
49074156,07/07/2001,96,US,USD,unemployed,171731,behavioral,separated,TX,Fort Worth,07/01/2020,Female
78317910,16/01/2004,508,US,USD,salaried,1262498,Standard,married,KS,Shawnee Mission,01/27/2018,Male
51918706,20/08/1995,637,US,USD,unemployed,791963,behavioral,married,MN,Minneapolis,06/06/2017,Male
91175598,30/06/2004,102,US,USD,employed,915540,Standard,separated,GA,Augusta,01/16/2019,Female
59147461,18/05/1994,539,US,USD,unemployed,1029646,Standard,single,FL,Fort Pierce,10/18/2014,Genderfluid
52499742,23/10/1989,317,US,USD,employed,1693289,psychographic,separated,KY,Louisville,04/15/2021,Male
80514566,13/01/1994,222,US,USD,unemployed,639373,geographic,separated,CA,Fresno,11/16/2017,Female
94382460,04/11/1998,847,US,USD,unemployed,1527400,behavioral,single,FL,Pensacola,03/15/2022,Female
67658712,18/11/1993,451,US,USD,employed,354682,Standard,separated,PA,Wilkes Barre,01/17/2022,Male
67680794,13/08/2003,302,US,USD,employed,1052950,demographic,separated,AK,Anchorage,05/23/2020,Female
55030093,23/10/1999,141,US,USD,self-employed,661431,psychographic,single,TX,El Paso,10/24/2015,Male
26713722,22/11/1989,990,US,USD,unemployed,51767,behavioral,separated,WV,Huntington,06/04/2014,Male
51567546,12/02/2003,370,US,USD,employed,66517,Standard,separated,CT,Waterbury,11/06/2020,Male
32337287,08/01/2000,590,US,USD,salaried,941199,geographic,separated,IL,Chicago,10/21/2021,Polygender
53533430,04/06/1993,485,US,USD,employed,712530,behavioral,separated,MA,Newton,05/31/2020,Female
38270238,06/08/2000,284,US,USD,unemployed,379433,psychographic,single,GA,Atlanta,05/22/2015,Male
53930592,22/04/1995,899,US,USD,unemployed,1553432,behavioral,single,TX,Austin,03/15/2015,Male
83483783,26/02/1991,369,US,USD,salaried,1984230,psychographic,married,SC,Columbia,02/13/2017,Male
60994444,17/08/2000,212,US,USD,self-employed,1565804,behavioral,married,CA,San Francisco,12/26/2018,Male
59973873,14/09/1994,472,US,USD,employed,1176920,demographic,separated,AZ,Tucson,11/11/2019,Female
71395406,14/04/1989,767,US,USD,unemployed,705386,demographic,married,VA,Richmond,10/15/2015,Male
64217960,09/03/1997,386,US,USD,self-employed,436404,demographic,married,FL,Orlando,09/28/2020,Male
95706900,02/03/2004,115,US,USD,self-employed,566634,Standard,separated,OH,Cleveland,02/08/2020,Male
64313424,10/01/1995,872,US,USD,employed,658795,psychographic,married,DC,Washington,05/25/2021,Female
87946892,24/11/1999,304,US,USD,unemployed,1218514,Standard,married,CO,Colorado Springs,10/12/2020,Male
59155043,06/04/1995,972,US,USD,unemployed,1185302,Standard,married,MN,Maple Plain,04/30/2017,Male
18745169,26/04/1989,85,US,USD,self-employed,1810358,geographic,separated,CA,Bakersfield,10/22/2018,Female
59248129,28/01/1998,419,US,USD,self-employed,1562170,behavioral,married,IN,Evansville,09/17/2017,Female
13350135,14/07/1995,400,US,USD,unemployed,398458,psychographic,single,MN,Saint Paul,11/16/2021,Male
21766857,03/01/2003,312,US,USD,self-employed,1965678,Standard,single,AL,Birmingham,10/16/2015,Agender
28315443,15/09/1997,461,US,USD,unemployed,219516,geographic,separated,TX,Dallas,01/23/2015,Female
75432179,24/11/1991,643,US,USD,salaried,1635977,demographic,single,NE,Omaha,12/02/2020,Female
11982030,11/07/1991,394,US,USD,salaried,452184,geographic,married,MO,Kansas City,07/03/2016,Male
46173800,06/06/2000,531,US,USD,unemployed,1537914,Standard,married,VA,Roanoke,02/07/2017,Male
82374562,21/06/2000,939,US,USD,unemployed,33847,geographic,separated,WI,Madison,02/27/2021,Bigender
80559187,17/06/2004,984,US,USD,salaried,839458,demographic,married,DC,Washington,01/04/2021,Male
86190655,14/10/2004,22,US,USD,self-employed,762675,psychographic,single,TX,Arlington,02/03/2016,Male
62856927,10/07/1998,598,US,USD,employed,1419800,behavioral,separated,MD,Rockville,12/07/2019,Female
84620913,25/12/2001,252,US,USD,employed,660904,demographic,married,SD,Sioux Falls,01/15/2018,Female
22990355,22/12/1999,684,US,USD,employed,125154,Standard,married,FL,Sarasota,11/06/2019,Female
79098473,18/02/1990,756,US,USD,salaried,1894279,psychographic,separated,MD,Bethesda,04/07/2020,Male
21739172,18/06/1990,818,US,USD,self-employed,1406630,psychographic,single,CT,Stamford,08/12/2019,Male
86945490,12/08/1990,148,US,USD,employed,661714,demographic,married,MI,Warren,02/01/2018,Polygender
94273925,30/05/2003,806,US,USD,employed,1450056,Standard,separated,CA,Pasadena,12/25/2019,Female
31708320,12/07/1996,447,US,USD,self-employed,742506,Standard,married,WA,Seattle,11/14/2018,Female
17276253,18/09/2001,492,US,USD,employed,314972,psychographic,separated,GA,Atlanta,09/09/2017,Female
87953829,15/06/1991,295,US,USD,salaried,1453990,behavioral,separated,CA,San Francisco,01/28/2015,Female
76890089,06/08/2001,627,US,USD,unemployed,1739818,geographic,single,IL,Chicago,01/26/2021,Genderqueer
88058408,30/09/2003,615,US,USD,unemployed,655802,behavioral,separated,TN,Nashville,05/31/2020,Female
68383363,15/06/1992,600,US,USD,self-employed,931691,psychographic,single,CA,San Diego,01/13/2015,Male
97845275,02/09/2001,686,US,USD,salaried,593978,geographic,single,AZ,Tucson,08/23/2021,Male
54955074,24/02/1995,369,US,USD,salaried,401147,demographic,married,VA,Reston,03/09/2017,Male
19780915,10/04/1996,128,US,USD,self-employed,415009,Standard,separated,OH,Cincinnati,02/03/2022,Female
66360527,11/02/1990,348,US,USD,self-employed,217824,behavioral,married,HI,Honolulu,12/25/2018,Male
27357050,22/08/1998,405,US,USD,employed,940798,demographic,separated,IN,Evansville,01/31/2015,Female
14190412,16/12/1999,602,US,USD,self-employed,817215,geographic,single,NE,Omaha,04/24/2015,Male
49012650,31/08/1995,487,US,USD,salaried,529237,Standard,separated,FL,Pompano Beach,08/31/2021,Male
87832113,24/02/1994,100,US,USD,employed,1091676,psychographic,separated,OH,Cincinnati,07/05/2014,Female
37736143,05/09/1992,643,US,USD,employed,220465,psychographic,separated,PA,Valley Forge,12/13/2018,Female
47002850,22/03/1997,693,US,USD,self-employed,1789776,geographic,single,CO,Denver,04/08/2021,Female
63446503,05/03/1992,621,US,USD,employed,1060396,Standard,separated,TX,Dallas,07/02/2016,Bigender
87677727,13/07/2004,185,US,USD,unemployed,777797,behavioral,separated,CO,Denver,06/06/2020,Female
13227642,29/09/1995,619,US,USD,salaried,719193,psychographic,married,TX,Midland,01/06/2020,Female
28237566,04/07/1996,245,US,USD,employed,1261969,geographic,single,NC,Charlotte,02/23/2018,Female
82083069,06/02/2000,329,US,USD,employed,896812,Standard,single,KS,Shawnee Mission,05/21/2017,Polygender
75527470,16/10/2002,762,US,USD,salaried,190892,behavioral,married,FL,Tampa,01/02/2021,Genderqueer
72107608,01/09/1997,421,US,USD,unemployed,224006,geographic,single,NM,Albuquerque,02/06/2021,Genderfluid
36543413,10/02/1999,908,US,USD,self-employed,1447320,demographic,single,IA,Davenport,09/05/2018,Male
67277436,16/03/1992,629,US,USD,employed,469458,demographic,single,NY,Syracuse,07/01/2016,Agender
12362050,18/02/1991,221,US,USD,unemployed,1359064,demographic,separated,TX,El Paso,05/23/2020,Male
77253920,26/01/1999,332,US,USD,self-employed,1259351,behavioral,separated,SC,Charleston,05/09/2021,Female
93534818,29/08/1997,656,US,USD,self-employed,11157,geographic,married,AZ,Phoenix,01/30/2017,Female
51631418,29/11/1990,968,US,USD,salaried,334211,behavioral,single,MI,Lansing,05/09/2019,Female
68737715,24/02/1995,580,US,USD,salaried,1492148,psychographic,married,LA,Shreveport,05/27/2018,Female
71738154,02/10/1998,153,US,USD,self-employed,23524,Standard,single,KS,Topeka,11/09/2017,Female
28519334,12/06/1989,892,US,USD,self-employed,566923,Standard,separated,TX,Dallas,03/07/2016,Female
79367828,23/02/2004,125,US,USD,unemployed,1653939,demographic,married,CT,Stamford,07/23/2019,Female
34298601,09/04/2004,33,US,USD,employed,28770,psychographic,married,NV,Las Vegas,04/10/2016,Female
64269714,29/10/1994,806,US,USD,salaried,1167079,geographic,separated,MO,Saint Louis,09/13/2021,Male
91622657,20/08/2000,717,US,USD,unemployed,1796671,demographic,married,AL,Huntsville,01/30/2020,Female
37839916,09/06/2002,73,US,USD,salaried,1271215,demographic,single,TX,Dallas,01/01/2021,Male
77695320,06/02/1995,722,US,USD,self-employed,757832,Standard,single,DC,Washington,08/03/2017,Male
51843224,31/08/2002,993,US,USD,unemployed,1185253,behavioral,single,FL,Clearwater,09/17/2016,Male
73236533,06/08/2003,671,US,USD,employed,1693952,behavioral,separated,CA,Los Angeles,07/15/2021,Female
74447042,21/09/1994,865,US,USD,self-employed,1771697,demographic,single,OH,Columbus,03/17/2019,Female
57093251,04/06/2004,44,US,USD,employed,328692,demographic,single,NY,New York City,01/26/2018,Male
78690243,20/05/1997,880,US,USD,self-employed,160708,psychographic,married,TX,Houston,08/22/2021,Female
74119459,28/04/1999,434,US,USD,self-employed,1929048,Standard,separated,KS,Wichita,09/02/2017,Female
51199470,07/02/1993,573,US,USD,unemployed,80047,behavioral,single,MI,Dearborn,05/24/2015,Male
68173205,13/06/2003,547,US,USD,unemployed,1191753,psychographic,separated,CA,Sacramento,05/03/2018,Female
60636417,05/04/1994,746,US,USD,employed,12022,behavioral,separated,NY,Schenectady,02/01/2019,Female
16056933,12/02/2001,84,US,USD,salaried,461959,Standard,married,CO,Colorado Springs,02/07/2021,Male
40058005,01/11/1997,3,US,USD,self-employed,1522196,geographic,married,FL,Port Saint Lucie,02/17/2018,Female
97992715,28/08/1993,702,US,USD,salaried,1157548,demographic,single,MI,Lansing,07/04/2021,Male
34652993,16/01/1990,964,US,USD,salaried,242793,geographic,separated,MA,Worcester,05/16/2020,Male
29077704,01/02/1990,518,US,USD,self-employed,1717034,demographic,single,DE,Wilmington,09/12/2019,Male
83837141,25/10/2003,319,US,USD,self-employed,781728,demographic,single,AL,Montgomery,11/18/2020,Male
89935242,17/04/1993,918,US,USD,employed,1494505,geographic,married,TX,Dallas,10/05/2018,Male
77302581,23/01/2003,507,US,USD,self-employed,1292361,geographic,single,IL,Chicago,02/20/2015,Male
12061164,25/07/1996,451,US,USD,self-employed,277334,Standard,married,OK,Oklahoma City,01/07/2020,Female
48471751,27/10/2004,516,US,USD,employed,427843,psychographic,single,MI,Grand Rapids,02/12/2021,Male
15473914,30/06/2002,805,US,USD,unemployed,1642750,demographic,separated,NC,Greensboro,12/16/2021,Male
30018786,16/11/1996,732,US,USD,self-employed,251143,behavioral,separated,NY,Buffalo,04/15/2014,Male
20673863,19/01/1996,804,US,USD,unemployed,1346462,Standard,married,AL,Birmingham,11/18/2019,Female
99131697,15/03/1992,11,US,USD,salaried,777029,psychographic,separated,IN,Evansville,04/22/2019,Male
17119877,14/08/1998,41,US,USD,employed,582279,behavioral,separated,TX,Garland,10/03/2015,Male
57260126,10/04/1997,703,US,USD,salaried,787735,psychographic,separated,AZ,Scottsdale,07/09/2019,Female
72701890,12/06/1990,597,US,USD,salaried,303107,psychographic,single,TX,Dallas,06/23/2015,Female
29421698,28/09/2000,562,US,USD,self-employed,1823662,psychographic,married,CT,Fairfield,11/17/2017,Male
29135389,03/10/1989,825,US,USD,salaried,858804,Standard,single,IL,Chicago,12/05/2020,Female
76437106,18/04/1992,495,US,USD,self-employed,1929319,behavioral,single,DC,Washington,01/17/2021,Female
20131507,03/10/2002,289,US,USD,unemployed,669656,Standard,single,AK,Anchorage,09/12/2021,Female
48171971,16/06/2000,715,US,USD,unemployed,1837690,behavioral,single,OH,Canton,02/18/2017,Female
15025530,24/05/1994,28,US,USD,employed,756463,demographic,married,TN,Chattanooga,07/27/2017,Bigender
64365334,02/07/1998,625,US,USD,employed,911369,demographic,single,HI,Honolulu,01/21/2020,Genderqueer
54855113,22/04/1991,533,US,USD,self-employed,394608,demographic,married,TX,Fort Worth,10/23/2021,Female
92758603,03/08/1996,950,US,USD,unemployed,773376,demographic,single,CA,Carlsbad,02/24/2020,Female
87096374,20/01/1997,659,US,USD,employed,1615855,demographic,single,CA,Santa Ana,05/14/2020,Male
61994457,26/06/2002,648,US,USD,unemployed,1743864,psychographic,married,MI,Grand Rapids,08/13/2018,Female
83813816,04/07/2002,89,US,USD,salaried,150604,behavioral,married,UT,Salt Lake City,02/05/2020,Female
27188125,19/08/1999,7,US,USD,self-employed,1681894,behavioral,single,PA,Scranton,05/31/2016,Male
67449750,30/04/1992,999,US,USD,self-employed,1726053,behavioral,married,KS,Topeka,03/10/2020,Male
31336158,03/08/2004,133,US,USD,unemployed,1060415,geographic,married,GA,Valdosta,10/16/2014,Male
92161147,28/06/2004,891,US,USD,salaried,251212,behavioral,separated,CO,Denver,01/04/2018,Male
12512751,04/05/2004,295,US,USD,employed,810575,psychographic,separated,CA,Whittier,05/03/2015,Male
29488505,13/10/2000,148,US,USD,employed,1699672,behavioral,separated,KS,Kansas City,09/16/2020,Male
41675719,09/09/1995,559,US,USD,unemployed,1579827,behavioral,married,NC,Greensboro,08/04/2018,Female
40586389,22/02/1998,793,US,USD,employed,1792721,psychographic,married,PA,Wilkes Barre,05/30/2015,Female
78662742,28/02/1991,159,US,USD,salaried,903403,Standard,separated,NM,Albuquerque,06/01/2021,Male
39522858,28/06/1995,614,US,USD,self-employed,1454912,behavioral,separated,IL,Peoria,05/08/2020,Male
63383762,26/12/1998,998,US,USD,salaried,434393,geographic,single,TN,Nashville,08/31/2015,Female
96760145,25/06/2004,101,US,USD,self-employed,165947,Standard,married,KS,Topeka,03/19/2016,Female
26329707,07/01/2003,332,US,USD,salaried,1387331,psychographic,single,IN,Fort Wayne,04/29/2019,Female
34456381,14/10/2002,888,US,USD,unemployed,383257,psychographic,separated,FL,Jacksonville,03/26/2018,Male
39090574,31/08/2001,421,US,USD,employed,463059,behavioral,married,MN,Maple Plain,08/08/2019,Male
70512004,08/06/1992,320,US,USD,salaried,1251258,geographic,separated,MO,Saint Louis,03/18/2018,Female
22559273,23/10/2000,19,US,USD,salaried,370818,Standard,separated,FL,Miami,12/18/2020,Male
26842377,25/08/1995,532,US,USD,self-employed,821556,Standard,separated,NY,New York City,09/17/2019,Female
86058152,05/01/1995,666,US,USD,unemployed,1406964,Standard,married,FL,Orlando,12/13/2019,Female
97040090,07/06/1992,843,US,USD,employed,1830359,psychographic,single,MS,Columbus,02/19/2021,Female
29933390,03/01/2000,269,US,USD,self-employed,1645959,geographic,separated,GA,Alpharetta,11/28/2014,Female
34298892,06/01/1997,667,US,USD,unemployed,1279323,behavioral,single,MA,Springfield,04/09/2017,Male
59969812,07/08/1998,71,US,USD,unemployed,1983494,demographic,single,CA,Berkeley,06/03/2016,Male
87807077,07/05/1994,823,US,USD,employed,653467,psychographic,single,AR,Fort Smith,02/23/2015,Female
65145484,26/05/2002,645,US,USD,salaried,882072,psychographic,single,CA,Sacramento,04/20/2021,Male
97519761,16/03/1993,754,US,USD,unemployed,135273,Standard,separated,TX,Austin,07/20/2021,Female
35056904,02/07/2004,261,US,USD,employed,638413,demographic,separated,TX,Houston,01/14/2022,Male
60202218,10/01/1997,616,US,USD,unemployed,317683,psychographic,separated,CA,San Jose,07/30/2015,Bigender
45914908,26/07/2003,123,US,USD,salaried,134012,behavioral,separated,NY,Buffalo,06/02/2018,Polygender
24771600,08/10/1998,151,US,USD,self-employed,497373,demographic,married,DC,Washington,01/30/2015,Female
47810567,02/05/2002,540,US,USD,self-employed,200408,Standard,separated,DC,Washington,03/25/2021,Female
58786161,04/06/2004,500,US,USD,salaried,535923,behavioral,married,TX,Beaumont,06/05/2021,Genderqueer
91806600,11/01/2002,353,US,USD,unemployed,374538,geographic,single,CA,Modesto,06/27/2016,Male
63731892,22/10/2001,904,US,USD,salaried,925820,Standard,separated,AZ,Phoenix,12/08/2019,Male
74996705,22/09/1997,646,US,USD,unemployed,60394,geographic,single,FL,Boca Raton,06/20/2018,Female
47620583,04/10/2000,81,US,USD,employed,228577,behavioral,married,UT,Salt Lake City,02/24/2020,Male
75863690,07/02/1998,655,US,USD,unemployed,1532464,Standard,separated,WA,Seattle,09/15/2017,Female
71257288,02/10/1998,177,US,USD,employed,603371,behavioral,separated,MN,Minneapolis,07/16/2018,Female
53255135,27/09/1996,326,US,USD,self-employed,1186486,behavioral,married,MN,Young America,01/15/2020,Male
84012353,03/06/1991,566,US,USD,employed,684169,psychographic,single,CA,Los Angeles,01/20/2016,Male
63621603,27/05/1998,472,US,USD,unemployed,1790022,psychographic,separated,NY,New York City,01/15/2018,Male
86975715,26/07/1995,970,US,USD,employed,620997,demographic,separated,FL,Jacksonville,04/04/2020,Male
92578255,28/01/2000,944,US,USD,salaried,1237464,psychographic,separated,MO,Saint Louis,05/30/2019,Male
84791455,26/04/1991,38,US,USD,employed,1733609,Standard,single,PA,Pittsburgh,04/22/2014,Female
80625644,28/02/1993,9,US,USD,salaried,1564361,psychographic,single,NY,New York City,02/11/2015,Male
54213964,08/03/1996,384,US,USD,self-employed,312304,geographic,married,TX,San Antonio,09/10/2017,Female
95109895,26/07/1990,165,US,USD,unemployed,1257349,Standard,separated,IN,Gary,07/01/2020,Male
72942241,18/04/1993,349,US,USD,unemployed,741293,demographic,married,MA,Lynn,08/28/2019,Non-binary
99283523,01/10/1994,21,US,USD,unemployed,94175,psychographic,married,OH,Cincinnati,09/19/2019,Male
30898478,05/01/2000,395,US,USD,unemployed,435049,behavioral,married,CA,Modesto,08/09/2016,Male
13281726,22/04/1993,78,US,USD,employed,1789952,Standard,separated,MN,Minneapolis,09/09/2018,Polygender
29113506,24/07/1990,391,US,USD,salaried,146913,demographic,separated,KS,Shawnee Mission,06/01/2021,Female
48212494,06/08/1992,921,US,USD,employed,1869524,geographic,separated,IL,Chicago,12/01/2017,Female
85669182,14/10/1997,414,US,USD,salaried,1656180,Standard,single,TX,Laredo,03/25/2019,Male
17438726,20/05/1990,566,US,USD,self-employed,924648,demographic,single,TX,Dallas,10/02/2015,Female
22276416,29/10/2002,14,US,USD,employed,1715272,Standard,single,MN,Duluth,05/26/2015,Agender
93397403,31/03/2004,59,US,USD,salaried,1535387,Standard,separated,IL,Rockford,10/20/2017,Male
63861838,26/07/1997,586,US,USD,salaried,1210000,Standard,single,MA,Newton,09/28/2015,Female
36008758,18/11/2000,329,US,USD,self-employed,870168,demographic,separated,AZ,Phoenix,04/23/2019,Female
74901434,27/11/1991,349,US,USD,salaried,473790,psychographic,married,OH,Toledo,12/31/2021,Female
46121652,01/03/1999,899,US,USD,salaried,1003243,geographic,single,OR,Portland,08/17/2019,Genderqueer
35217378,23/07/2003,265,US,USD,salaried,356701,behavioral,married,CO,Fort Collins,08/27/2016,Polygender
65487513,06/07/2001,16,US,USD,unemployed,1698579,behavioral,single,NV,North Las Vegas,04/25/2015,Female
82642470,03/05/1998,148,US,USD,unemployed,946633,behavioral,separated,NY,Albany,10/13/2019,Agender
47460660,01/06/1992,873,US,USD,self-employed,427508,demographic,separated,WI,Milwaukee,11/09/2020,Female
83072749,09/09/1993,486,US,USD,self-employed,1407433,demographic,separated,DC,Washington,07/29/2017,Female
44461104,13/01/2005,995,US,USD,self-employed,1561709,geographic,single,PA,Scranton,07/21/2018,Female
53206763,20/04/1992,368,US,USD,self-employed,1330965,behavioral,single,TX,El Paso,01/30/2021,Male
60558352,18/07/1999,588,US,USD,self-employed,591573,Standard,married,CA,Fresno,10/09/2016,Female
40656291,22/05/1992,936,US,USD,employed,945611,Standard,separated,WA,Spokane,02/14/2015,Male
16508128,05/09/1989,561,US,USD,unemployed,461770,behavioral,single,CA,Sacramento,07/07/2020,Female
51095826,22/04/1995,945,US,USD,unemployed,667932,psychographic,married,VA,Richmond,05/31/2017,Female
58535469,31/01/1992,571,US,USD,unemployed,1492431,psychographic,married,TX,Amarillo,09/19/2018,Female
50395948,22/05/1998,176,US,USD,self-employed,1229240,demographic,single,TX,Houston,02/22/2018,Male
52660419,01/08/2004,318,US,USD,self-employed,1605556,psychographic,married,CA,Fullerton,01/27/2021,Female
21947236,16/03/2000,106,US,USD,self-employed,1817637,demographic,married,OR,Salem,12/08/2021,Female
81718078,13/05/1997,362,US,USD,unemployed,407083,geographic,married,WA,Everett,01/18/2019,Male
73987183,23/05/1990,407,US,USD,salaried,1087854,behavioral,single,MI,Kalamazoo,11/22/2017,Female
90865663,18/06/2000,740,US,USD,unemployed,681339,Standard,single,PA,Johnstown,03/29/2018,Male
17116972,20/09/1990,502,US,USD,employed,1886803,psychographic,married,LA,New Orleans,06/12/2019,Genderqueer
79231376,04/12/2004,97,US,USD,salaried,1024749,Standard,separated,CO,Boulder,03/08/2018,Male
17792121,08/03/2001,790,US,USD,employed,595265,demographic,separated,OH,Dayton,10/22/2020,Male
87085656,04/05/1998,335,US,USD,self-employed,490304,behavioral,married,IN,Indianapolis,08/19/2021,Female
52751418,26/04/1993,622,US,USD,salaried,1094919,Standard,separated,PA,Harrisburg,11/13/2015,Female
16995557,05/11/2003,758,US,USD,employed,1352660,Standard,separated,ND,Fargo,11/22/2020,Female
99405145,15/11/1996,659,US,USD,self-employed,106004,Standard,married,CT,New Haven,09/25/2020,Female
33855661,16/09/1999,987,US,USD,salaried,1472232,geographic,separated,AZ,Chandler,05/27/2018,Male
38683007,09/01/2000,446,US,USD,employed,1848851,psychographic,separated,CA,Pasadena,04/19/2014,Male
93160930,20/03/1993,370,US,USD,salaried,1448626,geographic,separated,FL,Jacksonville,09/17/2017,Agender
81255382,10/03/2003,359,US,USD,self-employed,431483,Standard,separated,CA,San Diego,04/20/2020,Female
32489508,13/01/2001,242,US,USD,self-employed,1120796,Standard,single,WI,Milwaukee,12/31/2019,Male
59693709,03/05/2000,639,US,USD,self-employed,482204,demographic,married,KS,Topeka,02/25/2019,Male
51428094,10/06/1996,177,US,USD,self-employed,702712,geographic,married,WV,Huntington,10/11/2014,Male
53063251,19/12/1994,992,US,USD,unemployed,1230977,demographic,married,DC,Washington,09/06/2016,Female
72508642,13/11/2002,713,US,USD,unemployed,1766557,demographic,single,FL,Fort Myers,02/26/2020,Male
34288034,01/01/1996,57,US,USD,self-employed,870657,Standard,separated,NY,Brooklyn,11/23/2021,Male
12472208,22/04/1992,743,US,USD,salaried,455963,demographic,separated,GA,Columbus,08/16/2018,Polygender
53115303,06/11/1989,967,US,USD,employed,198934,geographic,single,FL,Clearwater,03/14/2019,Female
90255017,20/12/1991,282,US,USD,employed,1553061,geographic,separated,NY,Brooklyn,02/01/2021,Female
42020967,13/10/2002,871,US,USD,salaried,1276794,Standard,married,CA,Los Angeles,03/08/2022,Agender
26860831,27/05/1998,828,US,USD,salaried,554100,Standard,separated,WV,Huntington,08/13/2019,Female
46865777,29/12/2003,430,US,USD,employed,1087206,demographic,single,NM,Albuquerque,03/01/2021,Male
85015268,19/12/2002,489,US,USD,self-employed,812181,geographic,separated,AZ,Tucson,06/21/2018,Male
92212410,08/09/1994,171,US,USD,self-employed,1139368,demographic,separated,PA,Bethlehem,04/30/2021,Male
83008537,05/05/1992,456,US,USD,employed,1662212,Standard,single,DC,Washington,08/16/2020,Male
87852023,24/10/1995,362,US,USD,salaried,1869900,demographic,separated,FL,Seminole,09/18/2021,Male
24930658,25/03/2000,391,US,USD,employed,1267392,Standard,single,MO,Independence,09/18/2015,Male
29893804,06/10/2001,672,US,USD,employed,539192,Standard,married,CA,San Francisco,04/17/2019,Male
58135952,22/02/2002,986,US,USD,employed,1617053,geographic,separated,MI,Detroit,03/24/2017,Male
24632729,26/12/2000,661,US,USD,self-employed,1728854,demographic,separated,TX,Tyler,01/24/2017,Male
23053631,17/05/1989,203,US,USD,self-employed,564378,geographic,married,IN,South Bend,11/25/2019,Male
72906852,05/07/1993,230,US,USD,employed,1361471,geographic,separated,OK,Oklahoma City,02/28/2017,Female
90438939,29/03/2000,232,US,USD,salaried,1664048,Standard,single,CT,Hartford,06/01/2020,Male
90842756,02/02/2005,910,US,USD,salaried,1389174,Standard,married,FL,Bradenton,01/26/2018,Female
54394464,06/01/1996,966,US,USD,self-employed,271351,demographic,separated,CA,Fresno,10/14/2016,Female
36344238,19/09/1997,361,US,USD,employed,14351,Standard,single,TX,El Paso,02/01/2021,Male
45751009,13/08/1994,579,US,USD,self-employed,1931573,behavioral,separated,TX,Amarillo,10/21/2016,Male
58998322,29/10/2002,63,US,USD,self-employed,773276,geographic,single,PA,New Castle,11/06/2014,Male
75102875,27/11/1989,241,US,USD,unemployed,1399275,Standard,single,VA,Norfolk,12/04/2016,Female
72226430,17/02/2002,75,US,USD,unemployed,1874236,demographic,single,NJ,Trenton,05/02/2020,Female
28627299,14/07/1989,569,US,USD,salaried,1117902,demographic,married,CA,San Diego,05/24/2017,Male
29278212,21/09/1996,895,US,USD,salaried,1511656,demographic,married,MI,Grand Rapids,05/14/2017,Bigender
65285186,10/02/2001,466,US,USD,unemployed,1311348,behavioral,single,MA,Boston,02/24/2019,Male
44681409,22/02/1999,570,US,USD,salaried,912899,behavioral,separated,FL,Winter Haven,04/12/2018,Female
11913457,05/03/2002,339,US,USD,salaried,416809,behavioral,single,IL,Springfield,12/01/2020,Male
22336552,18/02/1995,399,US,USD,unemployed,204258,behavioral,separated,ND,Bismarck,04/13/2018,Female
87284752,20/07/2001,842,US,USD,salaried,698526,behavioral,married,NC,Winston Salem,11/11/2021,Male
43856157,23/09/2001,143,US,USD,unemployed,1433591,psychographic,single,TX,Arlington,09/30/2018,Male
52680875,09/09/1990,737,US,USD,employed,1807981,Standard,married,CA,Newport Beach,06/20/2014,Female
83029356,14/10/2004,38,US,USD,employed,185301,demographic,single,TX,Texarkana,12/17/2017,Female
58722051,09/07/1990,308,US,USD,self-employed,452411,geographic,single,AZ,Glendale,03/19/2017,Female
37645562,20/12/1997,372,US,USD,self-employed,778217,geographic,separated,NY,Syracuse,08/16/2014,Female
68085978,09/03/2004,103,US,USD,salaried,1121099,geographic,married,TX,Dallas,11/13/2017,Female
47167759,14/06/1993,548,US,USD,unemployed,797572,geographic,single,MN,Saint Cloud,06/03/2015,Female
41002016,09/05/2000,722,US,USD,unemployed,1739281,behavioral,married,DC,Washington,09/07/2017,Female
15797552,01/02/2002,98,US,USD,salaried,1922090,demographic,married,OK,Oklahoma City,08/28/2018,Male
27601375,18/05/1993,505,US,USD,self-employed,1395245,psychographic,separated,FL,Boca Raton,11/08/2016,Female
87213500,29/08/1994,868,US,USD,unemployed,984187,behavioral,separated,CA,Newport Beach,07/22/2021,Male
94247228,22/03/1992,371,US,USD,salaried,1894103,Standard,married,AK,Anchorage,09/27/2020,Non-binary
59151556,12/04/1990,129,US,USD,self-employed,930145,demographic,married,FL,Miami,08/04/2015,Male
59669753,04/01/1993,957,US,USD,employed,575949,demographic,separated,RI,Providence,01/05/2020,Male
23814469,27/12/2001,418,US,USD,salaried,1679704,geographic,married,NY,Buffalo,05/09/2016,Female
75542658,05/06/2002,353,US,USD,self-employed,433930,psychographic,single,TN,Memphis,06/02/2019,Female
95655091,29/08/2000,864,US,USD,employed,986587,geographic,single,MI,Grand Rapids,10/06/2021,Male
35972197,08/02/1999,213,US,USD,salaried,1131881,behavioral,married,VA,Arlington,11/02/2018,Male
60909767,13/10/1992,606,US,USD,employed,653470,behavioral,married,NY,Jamaica,09/06/2020,Female
43000247,07/10/1996,728,US,USD,employed,1867209,behavioral,separated,MI,Troy,12/06/2014,Female
43974313,28/03/2001,412,US,USD,employed,1122971,geographic,separated,NY,Schenectady,03/04/2020,Male
44228180,01/03/2004,22,US,USD,self-employed,1669383,Standard,married,MS,Hattiesburg,12/22/2015,Female
44146324,22/05/1992,643,US,USD,self-employed,1526829,geographic,single,TX,Round Rock,10/30/2017,Male
84243909,30/07/1994,631,US,USD,salaried,1719017,behavioral,separated,MI,Saginaw,09/19/2016,Male
67639847,31/12/2004,827,US,USD,employed,1559725,demographic,married,NY,Albany,12/10/2017,Male
67464660,12/10/1989,216,US,USD,salaried,1149772,demographic,single,MA,Boston,08/23/2017,Male
68151422,20/12/2004,142,US,USD,unemployed,744963,geographic,single,CA,San Diego,09/14/2019,Female
87381456,16/11/1990,646,US,USD,unemployed,317384,Standard,separated,AZ,Scottsdale,05/08/2018,Male
25599845,02/11/2002,315,US,USD,self-employed,1870218,psychographic,married,DC,Washington,05/09/2014,Male
41266873,05/05/1992,8,US,USD,employed,1909541,geographic,single,TX,Houston,07/29/2014,Agender
11221876,03/10/1998,639,US,USD,employed,329754,Standard,separated,CA,South Lake Tahoe,01/02/2015,Male
79603551,18/08/1991,826,US,USD,employed,1472164,psychographic,separated,WI,Madison,03/30/2015,Male
96469852,15/12/2002,833,US,USD,unemployed,747404,demographic,single,DC,Washington,04/01/2022,Agender
30658089,05/09/2003,747,US,USD,employed,907475,behavioral,married,AZ,Scottsdale,02/23/2021,Male
14759052,24/07/2004,620,US,USD,unemployed,637306,geographic,married,WI,Madison,04/24/2016,Male
66844339,18/04/1991,41,US,USD,self-employed,73415,behavioral,married,MN,Monticello,12/22/2017,Male
70853062,16/10/1991,53,US,USD,unemployed,1620459,demographic,separated,IN,Indianapolis,08/30/2014,Female
43695320,18/04/1996,150,US,USD,salaried,1617333,psychographic,single,CA,Pasadena,09/04/2016,Female
12509350,30/12/2002,412,US,USD,employed,1973913,behavioral,married,FL,Miami,05/01/2018,Female
37769808,15/03/2004,135,US,USD,employed,50409,Standard,single,TX,Corpus Christi,06/12/2015,Female
24121048,12/05/2003,222,US,USD,self-employed,1098693,Standard,separated,MA,Boston,07/10/2016,Male
94957984,22/10/1990,58,US,USD,self-employed,910055,Standard,single,NY,Elmira,10/03/2021,Male
88747574,09/09/1997,169,US,USD,salaried,1383348,Standard,married,TX,Fort Worth,02/27/2015,Male
77239189,23/02/2004,824,US,USD,unemployed,1026713,behavioral,separated,GA,Augusta,02/08/2017,Female
12879774,23/02/1995,162,US,USD,unemployed,843646,Standard,single,CT,West Hartford,12/12/2020,Female
16204255,15/03/2002,179,US,USD,self-employed,512658,behavioral,separated,PA,Philadelphia,07/16/2014,Female
83269140,14/04/1992,519,US,USD,unemployed,1733741,Standard,single,AL,Birmingham,02/10/2021,Female
94232444,23/11/1990,605,US,USD,self-employed,584386,geographic,separated,MN,Minneapolis,08/23/2018,Agender
63405915,28/12/1995,216,US,USD,self-employed,1858956,behavioral,married,MD,Rockville,05/16/2019,Female
72454483,28/03/2003,206,US,USD,self-employed,1542055,behavioral,married,NV,Las Vegas,06/24/2018,Female
49831325,04/08/1991,962,US,USD,employed,1811862,behavioral,single,AZ,Tucson,05/04/2016,Male
30888358,22/04/1997,862,US,USD,unemployed,518789,geographic,separated,GA,Atlanta,11/06/2020,Female
34009687,13/10/1997,816,US,USD,self-employed,715726,behavioral,separated,MT,Missoula,12/16/2019,Male
72657427,02/10/1990,66,US,USD,self-employed,1317185,demographic,separated,TX,Amarillo,05/11/2015,Female
13442515,31/03/1997,413,US,USD,unemployed,1915532,geographic,separated,MN,Minneapolis,05/24/2015,Female
69667490,13/10/2001,689,US,USD,unemployed,196360,psychographic,single,IL,Carol Stream,10/30/2019,Male
19183376,14/11/2001,278,US,USD,employed,212195,behavioral,married,GA,Valdosta,05/09/2021,Female
60822509,11/08/1999,560,US,USD,salaried,622181,behavioral,separated,FL,Bradenton,11/12/2019,Male
17005193,11/05/1999,216,US,USD,unemployed,534037,Standard,single,FL,Jacksonville,07/15/2018,Female
23173936,18/12/2004,77,US,USD,salaried,1447489,demographic,separated,TN,Memphis,06/05/2014,Male
91043228,05/11/2001,445,US,USD,self-employed,965851,psychographic,separated,MD,Baltimore,03/09/2021,Female
36277956,06/04/1991,329,US,USD,self-employed,1793793,behavioral,married,FL,Boca Raton,04/23/2015,Female
66787405,10/12/1990,614,US,USD,salaried,104994,geographic,single,CA,Oceanside,11/28/2017,Female
97043552,17/12/1997,437,US,USD,self-employed,48608,demographic,married,NY,New York City,01/01/2016,Male
53840350,04/02/1995,902,US,USD,employed,502906,behavioral,married,CA,San Diego,07/09/2014,Female
65805310,05/07/2004,951,US,USD,employed,1648939,geographic,separated,CA,Corona,10/30/2017,Male
95530414,06/06/1998,146,US,USD,unemployed,35602,psychographic,married,NE,Lincoln,12/20/2014,Male
45858976,03/07/2004,533,US,USD,self-employed,945684,Standard,single,TX,Fort Worth,07/05/2018,Bigender
81586822,11/05/1991,706,US,USD,employed,1133303,behavioral,separated,IA,Des Moines,07/09/2020,Male
84555902,15/06/1994,508,US,USD,self-employed,1295651,demographic,single,CA,Los Angeles,03/10/2022,Female
68953857,28/10/1990,157,US,USD,unemployed,1955865,behavioral,separated,NY,Elmira,05/22/2014,Female
27910198,07/05/1996,443,US,USD,self-employed,475397,geographic,married,CO,Littleton,06/04/2016,Female
48190675,15/04/1993,912,US,USD,employed,1164911,Standard,single,TX,Dallas,08/26/2020,Male
88511410,06/03/1995,196,US,USD,employed,1042573,demographic,married,MN,Young America,11/17/2015,Male
72865223,07/08/1994,139,US,USD,employed,920818,behavioral,married,FL,Fort Myers,01/21/2015,Female
69608284,07/12/2001,597,US,USD,self-employed,22280,behavioral,married,TN,Jackson,02/10/2021,Male
13571099,18/10/1997,267,US,USD,self-employed,1997759,behavioral,separated,CA,Lancaster,07/12/2014,Male
97872091,10/03/1995,957,US,USD,self-employed,923773,behavioral,separated,CA,Sacramento,09/25/2017,Male
24123608,07/07/2000,459,US,USD,employed,96887,behavioral,separated,IL,East Saint Louis,09/08/2020,Male
85899206,18/09/1999,285,US,USD,salaried,1620172,demographic,single,PA,Philadelphia,04/13/2018,Male
75776475,06/04/1997,10,US,USD,unemployed,94099,psychographic,married,PA,Pittsburgh,07/17/2016,Female
50826739,21/08/1997,656,US,USD,self-employed,740479,geographic,married,MO,Saint Joseph,08/29/2018,Male
74701763,30/01/1990,579,US,USD,self-employed,1775462,Standard,single,OH,Columbus,04/20/2020,Male
38786104,08/10/1997,440,US,USD,self-employed,1505532,geographic,married,FL,Orlando,03/26/2017,Female
92716179,23/06/2003,167,US,USD,self-employed,225440,Standard,separated,GA,Savannah,09/08/2021,Male
57901754,21/06/2003,440,US,USD,salaried,1123748,behavioral,single,GA,Duluth,09/25/2019,Male
73710705,07/04/1991,365,US,USD,self-employed,1768655,behavioral,separated,TX,Lubbock,03/28/2018,Male
97677450,06/01/1993,665,US,USD,salaried,318312,demographic,single,CA,Van Nuys,01/07/2021,Female
73806644,11/03/1994,627,US,USD,salaried,1627082,psychographic,single,NV,Reno,05/10/2020,Female
56901232,30/11/2004,353,US,USD,unemployed,1982825,psychographic,separated,NY,Buffalo,11/09/2017,Male
96107490,08/02/2000,513,US,USD,unemployed,1704819,Standard,single,FL,Miami Beach,09/29/2021,Female
57756855,09/03/2005,676,US,USD,salaried,1522285,Standard,single,IA,Sioux City,02/24/2020,Female
23325099,15/07/1989,195,US,USD,unemployed,982010,behavioral,single,IN,Indianapolis,09/09/2020,Male
85216386,17/08/1999,608,US,USD,unemployed,1803096,Standard,married,CO,Littleton,04/13/2014,Female
57518377,20/03/2005,568,US,USD,employed,391690,Standard,single,CA,San Diego,07/06/2016,Female
19652059,05/09/1994,953,US,USD,unemployed,1129958,demographic,married,MO,Kansas City,07/17/2017,Female
19911786,04/08/2004,575,US,USD,self-employed,1594438,psychographic,married,MN,Saint Paul,08/13/2019,Female
47177021,13/10/2004,128,US,USD,salaried,1559877,demographic,married,NY,New York City,10/25/2019,Male
42640025,27/09/2001,59,US,USD,unemployed,590508,psychographic,separated,NV,Las Vegas,06/04/2015,Male
99461016,07/01/2001,830,US,USD,self-employed,134214,psychographic,single,CT,Danbury,03/02/2016,Female
21434604,20/11/1996,577,US,USD,employed,53759,geographic,single,FL,Tampa,02/18/2021,Female
86069055,29/08/1993,519,US,USD,self-employed,878627,demographic,single,PA,Pittsburgh,01/15/2021,Male
41810756,25/03/1993,249,US,USD,unemployed,1864212,Standard,single,CA,San Francisco,02/10/2022,Female
21762772,23/07/2001,548,US,USD,self-employed,1727151,demographic,separated,MI,Detroit,02/27/2015,Male
35177017,13/09/1993,894,US,USD,self-employed,21727,behavioral,single,AZ,Phoenix,10/24/2019,Female
72659010,10/04/1990,661,US,USD,salaried,1636838,Standard,separated,TX,San Antonio,04/05/2016,Male
94897337,05/11/1992,827,US,USD,self-employed,1723367,Standard,separated,AZ,Phoenix,04/07/2019,Male
34141042,16/03/2004,513,US,USD,self-employed,1702935,Standard,single,FL,Vero Beach,05/07/2018,Female
82721654,30/07/1994,90,US,USD,self-employed,1163365,Standard,separated,VA,Arlington,09/26/2019,Female
72544518,21/03/1997,981,US,USD,employed,1666323,Standard,married,KY,Louisville,03/14/2016,Female
21915670,12/01/2001,7,US,USD,employed,1780058,psychographic,single,TN,Chattanooga,10/21/2018,Male
22900049,30/07/1992,741,US,USD,self-employed,469785,geographic,separated,AL,Montgomery,05/20/2016,Male
31699859,15/09/2002,654,US,USD,self-employed,1535221,behavioral,married,FL,Brooksville,12/25/2018,Female
35224933,14/12/1990,899,US,USD,salaried,812775,behavioral,single,PA,Johnstown,10/21/2021,Male
81754484,16/06/1995,17,US,USD,self-employed,1523360,behavioral,single,FL,Largo,04/25/2019,Female
19238351,30/09/2000,915,US,USD,salaried,514494,geographic,single,IL,Chicago,08/27/2019,Female
97609233,22/07/1998,336,US,USD,unemployed,1583286,geographic,married,WI,Milwaukee,01/01/2015,Male
45768403,30/04/2004,786,US,USD,employed,698858,psychographic,single,GA,Lawrenceville,11/07/2021,Male
52978380,15/05/1990,924,US,USD,unemployed,537471,psychographic,single,LA,Monroe,04/11/2017,Male
45328407,04/11/1995,657,US,USD,salaried,1604618,geographic,married,TX,San Antonio,03/16/2018,Male
31921361,07/04/1996,716,US,USD,salaried,845904,psychographic,married,CO,Aurora,11/13/2018,Male
22640039,22/08/1995,659,US,USD,employed,1370517,demographic,separated,TX,Amarillo,11/03/2021,Male
49625201,01/04/1993,413,US,USD,unemployed,925911,demographic,separated,CA,Redwood City,06/14/2015,Female
98342366,02/12/1993,933,US,USD,salaried,1047033,geographic,married,WA,Seattle,07/26/2019,Agender
26256445,03/04/1997,269,US,USD,employed,1821291,behavioral,separated,NM,Albuquerque,12/02/2020,Male
88627280,15/05/1990,208,US,USD,unemployed,1128114,behavioral,married,CT,Waterbury,06/27/2018,Female
12374549,01/12/1995,373,US,USD,self-employed,1978752,demographic,separated,TX,Austin,07/23/2020,Female
22634087,13/07/2000,780,US,USD,unemployed,1542714,Standard,separated,CA,Santa Barbara,10/13/2016,Male
45525532,26/11/1989,346,US,USD,salaried,1887804,geographic,single,NC,High Point,04/25/2018,Male
61475032,03/07/1989,444,US,USD,salaried,78867,demographic,married,MO,Kansas City,05/03/2021,Male
46051019,01/07/1998,480,US,USD,self-employed,1405011,behavioral,separated,TN,Nashville,09/05/2015,Male
91239285,18/06/2000,555,US,USD,unemployed,1649632,geographic,separated,AL,Birmingham,02/09/2022,Male
79114018,12/02/1990,127,US,USD,salaried,947508,demographic,single,FL,Miami,12/25/2014,Female
70176759,07/05/2000,689,US,USD,employed,1511008,geographic,separated,WA,Spokane,09/25/2020,Bigender
97040655,08/03/2005,823,US,USD,unemployed,1288728,Standard,separated,FL,Miami,03/18/2018,Male
75678190,29/10/1998,192,US,USD,employed,1498506,demographic,single,KY,Louisville,12/31/2021,Female
38877144,21/02/2001,348,US,USD,unemployed,137166,geographic,single,OH,Hamilton,09/22/2021,Female
70870668,06/04/2001,307,US,USD,unemployed,252640,behavioral,separated,NY,Bronx,08/04/2017,Female
57071775,15/10/2000,59,US,USD,employed,771733,behavioral,married,NY,Hicksville,09/30/2020,Male
75220603,02/01/1995,639,US,USD,self-employed,50707,demographic,married,MO,Kansas City,06/25/2020,Genderqueer
37917841,31/01/1995,423,US,USD,salaried,1251883,behavioral,single,FL,Jacksonville,12/29/2020,Genderqueer
50224959,21/09/2001,842,US,USD,self-employed,419380,psychographic,single,TX,Houston,12/18/2021,Female
48495449,18/11/2003,892,US,USD,salaried,1290681,geographic,separated,VA,Merrifield,04/08/2018,Female
97742753,12/02/1999,314,US,USD,salaried,434141,demographic,separated,FL,West Palm Beach,05/30/2020,Female
86808086,13/10/1992,440,US,USD,employed,894667,psychographic,separated,MI,Lansing,06/05/2014,Male
47958243,27/10/1992,916,US,USD,salaried,1416898,psychographic,married,IA,Des Moines,07/11/2015,Male
15297659,10/03/1992,125,US,USD,self-employed,67867,Standard,married,ID,Boise,09/23/2021,Male
60619067,07/04/1989,728,US,USD,employed,197181,demographic,separated,AL,Huntsville,01/30/2020,Female
83682560,28/03/1992,985,US,USD,salaried,1785290,demographic,separated,AR,Fort Smith,01/11/2015,Male
50732814,17/11/1992,937,US,USD,salaried,524966,psychographic,married,MN,Young America,11/13/2016,Male
45951506,21/10/1993,825,US,USD,unemployed,1878059,demographic,married,TX,El Paso,03/24/2015,Male
20521267,21/09/2004,358,US,USD,employed,1678381,Standard,single,KS,Topeka,09/19/2016,Female
15473940,23/06/2002,575,US,USD,unemployed,1578507,behavioral,separated,NC,Charlotte,06/10/2020,Female
63936306,28/08/1998,679,US,USD,salaried,1982007,demographic,single,MT,Helena,12/29/2017,Male
62699305,04/11/1997,804,US,USD,unemployed,1864433,demographic,married,NJ,Paterson,10/11/2020,Male
22743125,13/05/1992,400,US,USD,unemployed,899279,psychographic,separated,TN,Memphis,12/11/2019,Male
38519159,02/02/1992,91,US,USD,unemployed,184223,psychographic,single,VA,Virginia Beach,12/02/2020,Female
15159776,20/03/2005,692,US,USD,employed,1607102,psychographic,married,FL,Miami,09/17/2015,Female
27594120,28/03/1997,876,US,USD,unemployed,30565,psychographic,single,MO,Lees Summit,04/19/2019,Female
11613855,17/12/2003,662,US,USD,employed,1962475,psychographic,married,WA,Tacoma,04/03/2022,Female
49325449,11/04/1991,923,US,USD,employed,636648,Standard,married,SD,Sioux Falls,05/22/2020,Polygender
31907606,13/06/1998,699,US,USD,self-employed,850088,demographic,separated,CA,Irvine,07/22/2016,Female
55536123,20/08/1992,983,US,USD,employed,1345196,Standard,separated,NY,Great Neck,02/19/2019,Male
67650450,08/01/2004,217,US,USD,self-employed,839895,Standard,single,PA,Pittsburgh,09/07/2014,Male
33788188,04/01/2004,748,US,USD,salaried,1556413,geographic,single,CA,Oakland,09/15/2021,Female
66081913,25/11/1997,338,US,USD,self-employed,747394,demographic,married,AZ,Tucson,06/07/2021,Male
48212685,26/10/1991,898,US,USD,employed,1460445,demographic,married,KY,Louisville,01/14/2015,Male
33762978,08/08/2003,622,US,USD,unemployed,354892,Standard,separated,FL,Sarasota,08/18/2016,Female
84590481,22/07/1995,494,US,USD,salaried,1260317,psychographic,separated,NY,New York City,09/28/2016,Male
79602184,07/07/1991,588,US,USD,employed,1037934,psychographic,separated,FL,Fort Lauderdale,07/13/2018,Female
91401504,19/01/1990,802,US,USD,salaried,1888693,geographic,separated,CA,San Jose,04/21/2018,Female
90469242,28/06/1992,203,US,USD,salaried,231255,geographic,married,TX,Houston,12/16/2020,Male
90985149,26/07/1996,836,US,USD,unemployed,159945,Standard,married,CA,Stockton,09/04/2015,Male
48248221,02/11/1997,89,US,USD,employed,1269224,geographic,separated,TX,Garland,06/01/2018,Female
98347306,26/04/2003,77,US,USD,employed,1539418,psychographic,single,PA,Levittown,06/13/2015,Male
96967516,11/11/1990,393,US,USD,self-employed,261759,behavioral,separated,FL,Fort Lauderdale,01/30/2016,Male
65802986,09/08/1994,29,US,USD,employed,205320,behavioral,married,MN,Saint Paul,12/04/2014,Genderfluid
70415775,15/06/2003,905,US,USD,employed,649433,psychographic,married,OH,Springfield,03/13/2020,Female
20309723,26/09/1995,147,US,USD,salaried,992692,behavioral,single,NM,Santa Fe,03/29/2017,Male
87026451,25/02/2004,103,US,USD,self-employed,186356,behavioral,single,MO,Springfield,04/16/2014,Genderqueer
60840974,28/08/1990,309,US,USD,employed,987183,demographic,separated,NC,Charlotte,11/08/2015,Male
17316669,11/04/1991,928,US,USD,salaried,1247329,behavioral,single,NH,Manchester,02/13/2019,Female
11857717,24/06/1991,822,US,USD,self-employed,150224,behavioral,married,OH,Dayton,07/26/2019,Male
30514686,09/05/2003,223,US,USD,salaried,210623,psychographic,married,NY,Syracuse,06/16/2014,Female
61857481,26/07/1997,715,US,USD,employed,1944861,Standard,separated,IA,Des Moines,03/06/2022,Male
91473485,06/04/1990,992,US,USD,unemployed,1712522,geographic,single,OK,Oklahoma City,07/16/2015,Female
74853083,02/05/2002,904,US,USD,unemployed,1571866,demographic,separated,IN,Jeffersonville,08/30/2021,Female
29729999,08/10/1999,636,US,USD,salaried,1014268,behavioral,separated,VA,Virginia Beach,02/17/2017,Female
66744502,08/07/1993,966,US,USD,self-employed,994744,demographic,separated,WA,Tacoma,04/22/2021,Male
51476442,22/01/1996,269,US,USD,salaried,747947,Standard,married,MO,Saint Louis,11/19/2017,Female
86759697,17/09/1998,176,US,USD,employed,479473,geographic,married,CA,Pasadena,03/30/2019,Male
47333559,02/07/1990,859,US,USD,salaried,925833,geographic,single,AL,Mobile,04/27/2017,Female
97916479,31/12/1995,727,US,USD,employed,1462167,geographic,separated,CA,Santa Monica,02/22/2018,Female
55673329,08/03/2005,886,US,USD,self-employed,972830,psychographic,married,TX,El Paso,07/22/2017,Male
81426191,04/07/1997,56,US,USD,salaried,390312,behavioral,married,CA,Los Angeles,03/12/2020,Male
18489502,14/11/2001,694,US,USD,unemployed,654640,psychographic,separated,WA,Tacoma,07/23/2016,Female
90336238,11/02/1990,806,US,USD,salaried,1392548,behavioral,single,NC,Asheville,09/09/2016,Female
93627410,09/04/1998,588,US,USD,employed,1815960,Standard,separated,TX,Houston,03/21/2021,Male
95262578,28/02/2000,717,US,USD,employed,602688,behavioral,single,OH,Cleveland,02/19/2016,Female
50111713,01/06/1991,920,US,USD,unemployed,625948,behavioral,separated,FL,Fort Lauderdale,07/26/2014,Male
56204734,28/06/1992,314,US,USD,salaried,732265,behavioral,separated,HI,Honolulu,10/29/2014,Female
82763197,10/05/1996,369,US,USD,employed,1598445,psychographic,single,SD,Sioux Falls,11/27/2014,Male
90168561,22/07/2003,285,US,USD,employed,523665,psychographic,married,OH,Youngstown,12/11/2021,Male
29509607,21/07/1992,272,US,USD,employed,140538,geographic,separated,DC,Washington,07/31/2016,Bigender
74911803,21/04/1997,297,US,USD,salaried,800154,Standard,single,HI,Honolulu,08/31/2018,Female
16832178,30/03/2004,648,US,USD,salaried,1315504,behavioral,married,CA,Bakersfield,10/09/2015,Female
17401204,09/03/1993,404,US,USD,self-employed,1127585,psychographic,married,FL,Hialeah,02/26/2016,Male
65492729,23/04/1996,119,US,USD,employed,215442,geographic,married,OH,Columbus,06/28/2014,Male
12316379,07/08/1996,665,US,USD,self-employed,1927618,demographic,single,NY,Bronx,10/21/2018,Male
35106582,01/04/1999,867,US,USD,unemployed,1046280,demographic,separated,LA,New Orleans,03/21/2015,Female
58642002,28/02/1997,665,US,USD,unemployed,998103,geographic,single,CA,Sacramento,05/08/2014,Male
56748718,27/10/2002,571,US,USD,unemployed,188346,psychographic,separated,OH,Cleveland,02/02/2016,Female
22522906,27/08/1993,16,US,USD,unemployed,812092,demographic,single,MN,Saint Paul,09/20/2018,Male
48253088,19/06/1996,642,US,USD,employed,1385296,geographic,separated,HI,Honolulu,08/08/2020,Male
99889588,27/01/1998,217,US,USD,employed,1543625,geographic,separated,TX,El Paso,02/28/2015,Male
16168490,27/07/1989,908,US,USD,salaried,1614587,Standard,single,SC,Columbia,04/06/2021,Male
77617018,30/07/1995,306,US,USD,unemployed,1330238,demographic,married,NM,Albuquerque,01/15/2018,Female
82947187,12/09/1998,78,US,USD,salaried,1277102,demographic,separated,DC,Washington,12/13/2018,Female
21566536,08/08/2002,281,US,USD,self-employed,128653,behavioral,married,FL,Winter Haven,04/18/2018,Polygender
55205552,18/03/1998,302,US,USD,unemployed,791651,demographic,married,KS,Topeka,05/05/2020,Male
55095019,11/08/1996,229,US,USD,unemployed,493682,psychographic,married,KS,Wichita,02/14/2021,Female
65363087,27/09/2000,517,US,USD,salaried,1562833,Standard,separated,CO,Pueblo,07/09/2018,Male
70750287,23/11/2002,401,US,USD,unemployed,1737160,geographic,separated,FL,Boynton Beach,10/15/2014,Male
62055678,05/05/1991,614,US,USD,employed,1488141,Standard,separated,CA,Salinas,08/14/2015,Female
91505066,02/05/2002,110,US,USD,unemployed,1014157,Standard,single,SC,Columbia,01/30/2022,Male
88858709,05/11/2000,217,US,USD,unemployed,193303,geographic,married,NC,Wilmington,08/24/2016,Female
50390449,14/10/2002,156,US,USD,unemployed,1461755,behavioral,married,OH,Canton,03/30/2021,Female
68793160,24/12/1991,547,US,USD,self-employed,851961,psychographic,separated,IA,Des Moines,08/01/2015,Male
37972063,20/10/2003,161,US,USD,unemployed,1069652,demographic,married,CA,San Francisco,10/10/2019,Male
86720978,01/10/2001,39,US,USD,salaried,1452652,psychographic,single,MO,Kansas City,06/28/2018,Male
68465845,20/10/2004,592,US,USD,employed,590110,psychographic,married,OH,Akron,03/20/2019,Male
64122999,22/03/1996,790,US,USD,unemployed,952131,psychographic,single,VA,Reston,11/04/2021,Female
55101324,01/12/2004,530,US,USD,self-employed,494440,behavioral,married,IL,Peoria,01/07/2018,Male
27049013,15/02/2005,158,US,USD,salaried,1647630,psychographic,separated,DE,Wilmington,01/10/2016,Female
51480940,01/03/2001,416,US,USD,unemployed,1165127,geographic,married,TX,Corpus Christi,09/03/2018,Male
54718731,27/10/2000,643,US,USD,employed,455506,behavioral,married,FL,Hialeah,01/19/2021,Female
31597813,01/05/1991,175,US,USD,employed,1604631,Standard,single,AL,Birmingham,06/24/2019,Female
26393432,21/06/1994,798,US,USD,employed,24678,Standard,single,DC,Washington,06/19/2018,Male
78153599,10/08/1997,464,US,USD,unemployed,228186,Standard,married,CA,Pasadena,06/15/2015,Female
51414072,05/10/2000,799,US,USD,self-employed,484809,behavioral,single,IL,East Saint Louis,09/29/2019,Male
93380446,22/02/2000,329,US,USD,salaried,618372,geographic,single,MN,Monticello,11/16/2018,Male
36905193,12/08/1989,332,US,USD,unemployed,1487917,psychographic,separated,MN,Saint Cloud,04/24/2017,Male
48509980,21/11/1992,140,US,USD,salaried,969913,Standard,married,NY,Buffalo,12/30/2021,Non-binary
97511437,28/04/1992,428,US,USD,self-employed,721940,Standard,separated,TN,Nashville,08/26/2016,Genderqueer
39635975,10/10/2001,946,US,USD,self-employed,1771516,Standard,separated,NJ,Jersey City,06/26/2018,Female
52925262,13/01/1991,152,US,USD,unemployed,1702803,behavioral,married,IL,Springfield,07/27/2017,Genderqueer
88263334,31/07/1990,965,US,USD,self-employed,1308086,geographic,single,AL,Huntsville,10/31/2019,Male
26713167,04/03/1993,780,US,USD,self-employed,1755246,psychographic,single,DC,Washington,09/05/2015,Male
92115292,22/08/2001,236,US,USD,employed,1458473,psychographic,married,CA,Berkeley,10/24/2019,Male
15399527,21/05/2000,336,US,USD,self-employed,534793,geographic,separated,AL,Birmingham,01/29/2020,Male
64206775,16/11/1999,607,US,USD,self-employed,942262,demographic,married,MI,Ann Arbor,10/19/2019,Male
79383874,02/09/2004,134,US,USD,salaried,987130,Standard,married,PA,Harrisburg,09/18/2018,Female
33987815,25/11/2004,518,US,USD,employed,1929620,geographic,single,VA,Arlington,11/01/2018,Female
79417527,03/08/2002,126,US,USD,salaried,1318760,behavioral,separated,AR,Little Rock,08/09/2019,Male
12609903,18/08/1992,461,US,USD,employed,888305,demographic,single,CA,Santa Monica,05/01/2019,Male
82468007,12/03/1998,672,US,USD,salaried,70586,geographic,single,AL,Birmingham,04/25/2019,Polygender
97271591,20/03/2003,260,US,USD,self-employed,1148039,Standard,married,FL,Jacksonville,09/06/2018,Male
78002529,12/12/1991,928,US,USD,unemployed,1594253,geographic,single,MA,Boston,01/18/2021,Female
63622927,28/05/1992,431,US,USD,employed,387006,Standard,single,GA,Macon,03/21/2017,Male
24163204,20/10/1989,346,US,USD,employed,1519762,demographic,single,NC,Wilmington,12/19/2020,Male
12762641,03/11/2001,2,US,USD,self-employed,21383,psychographic,married,CO,Colorado Springs,09/16/2017,Male
40987509,27/10/2004,172,US,USD,self-employed,1494337,geographic,married,TX,Austin,12/01/2014,Male
50155091,14/01/1996,389,US,USD,unemployed,226835,psychographic,single,NY,White Plains,01/03/2022,Male
29120236,23/10/1993,383,US,USD,salaried,1235439,geographic,single,NY,New York City,05/24/2018,Female
54993296,04/01/2002,557,US,USD,employed,181903,behavioral,separated,MI,Grand Rapids,10/03/2017,Female
52203295,16/10/1997,128,US,USD,unemployed,609926,geographic,single,NY,Bronx,02/24/2018,Female
25685613,16/09/1996,838,US,USD,employed,829085,behavioral,married,CA,Sacramento,11/06/2018,Female
79646765,26/08/1994,433,US,USD,unemployed,1853934,demographic,separated,NY,Syracuse,04/26/2016,Female
59315538,22/09/1995,237,US,USD,salaried,1183861,behavioral,married,AZ,Prescott,04/20/2017,Agender
52401720,11/01/1991,695,US,USD,self-employed,448511,Standard,separated,TX,El Paso,08/02/2019,Female
68846036,23/05/2000,288,US,USD,self-employed,50407,geographic,married,NY,New York City,10/06/2015,Female
84972382,09/05/2001,802,US,USD,unemployed,1791147,behavioral,married,CA,Visalia,04/19/2015,Female
55134611,22/11/1995,66,US,USD,employed,472359,psychographic,separated,IN,South Bend,09/21/2020,Genderfluid
13661058,04/04/2005,493,US,USD,employed,1253199,behavioral,married,WA,Tacoma,03/02/2015,Male
69747954,11/12/2001,566,US,USD,employed,701503,psychographic,single,WA,Seattle,07/14/2021,Male
33333120,13/02/2003,721,US,USD,salaried,1188358,behavioral,single,CA,Los Angeles,03/25/2019,Female
42403549,14/03/2002,546,US,USD,self-employed,1170321,Standard,married,FL,Hollywood,09/04/2018,Male
54766765,25/01/2005,879,US,USD,self-employed,1540121,psychographic,married,MA,Boston,10/24/2021,Female
68253015,04/08/1992,466,US,USD,unemployed,736406,demographic,separated,FL,Miami,05/13/2017,Male
87528062,10/09/2001,828,US,USD,self-employed,1026345,psychographic,married,WI,Madison,09/12/2016,Female
29230538,16/05/2003,956,US,USD,self-employed,11532,Standard,separated,MO,Saint Louis,06/24/2014,Female
16669155,13/04/1989,521,US,USD,salaried,1485726,behavioral,married,CA,Santa Clara,09/24/2015,Female
25057701,17/07/1997,956,US,USD,employed,1436779,psychographic,single,DC,Washington,03/24/2016,Male
79210371,27/10/1998,822,US,USD,employed,1003922,demographic,separated,GA,Atlanta,04/02/2018,Female
40425376,18/03/1998,834,US,USD,self-employed,352582,psychographic,separated,TX,San Antonio,10/25/2021,Male
72761063,04/10/2002,121,US,USD,unemployed,142622,Standard,single,PA,Pittsburgh,08/21/2021,Non-binary
27886656,23/05/1989,159,US,USD,self-employed,911088,behavioral,separated,CA,Pasadena,06/16/2016,Male
83236994,26/10/1990,899,US,USD,employed,1139906,geographic,separated,CA,Pasadena,03/10/2018,Female
63295437,13/01/1996,626,US,USD,self-employed,28315,behavioral,separated,DC,Washington,01/03/2022,Male
41648483,03/10/1994,843,US,USD,employed,1953266,geographic,single,CO,Boulder,08/31/2017,Female
37910658,09/12/1989,446,US,USD,self-employed,1460747,behavioral,separated,CA,Van Nuys,12/11/2019,Male
98831090,30/03/2005,850,US,USD,self-employed,787285,geographic,married,IN,South Bend,08/05/2020,Female
61021882,16/05/1998,911,US,USD,self-employed,196199,demographic,separated,TN,Nashville,06/29/2017,Female
13279615,19/05/1991,768,US,USD,self-employed,1967113,Standard,separated,TX,Spring,03/11/2022,Male
13824398,12/01/1997,412,US,USD,unemployed,1324473,demographic,single,NM,Albuquerque,04/12/2014,Female
63337877,05/09/1989,524,US,USD,salaried,1204477,psychographic,single,NJ,Newark,12/04/2015,Male
68936880,06/05/2002,738,US,USD,unemployed,1472952,behavioral,single,MS,Jackson,02/16/2015,Male
85878773,14/10/2004,495,US,USD,employed,1329526,psychographic,single,NE,Omaha,06/02/2020,Genderfluid
77937619,27/02/2001,955,US,USD,self-employed,1437270,geographic,separated,AL,Birmingham,02/26/2022,Female
72496275,17/03/1996,332,US,USD,employed,1859741,Standard,single,NY,Jamaica,03/23/2019,Female
22343270,17/07/1989,779,US,USD,unemployed,1173716,geographic,separated,UT,Salt Lake City,08/21/2019,Female
22539688,14/10/1994,463,US,USD,self-employed,508303,Standard,single,PA,Philadelphia,06/12/2018,Male
67131523,05/12/1999,54,US,USD,employed,1786267,Standard,separated,FL,Orlando,10/29/2015,Male
68049515,10/02/1990,212,US,USD,unemployed,415068,behavioral,separated,IA,Des Moines,09/23/2019,Female
27289310,05/04/1995,366,US,USD,employed,1807656,demographic,single,IL,Chicago,05/07/2015,Female
13081690,26/01/1995,350,US,USD,unemployed,1109585,geographic,married,SC,Columbia,06/29/2015,Female
59585699,31/07/1993,129,US,USD,self-employed,1483940,demographic,single,SC,Myrtle Beach,06/01/2020,Female
32749841,31/05/1999,344,US,USD,employed,1175137,psychographic,single,CA,San Francisco,03/11/2017,Male
43253808,04/03/1993,121,US,USD,employed,280716,Standard,separated,KS,Shawnee Mission,01/16/2018,Male
11327848,27/08/1996,351,US,USD,unemployed,898590,psychographic,separated,AL,Montgomery,03/07/2021,Female
61421621,15/12/1990,899,US,USD,employed,327976,Standard,separated,ID,Boise,01/11/2021,Female
41000833,15/04/1993,557,US,USD,self-employed,1189582,demographic,single,FL,Seminole,07/23/2015,Male
33223104,27/04/1993,172,US,USD,unemployed,756278,psychographic,single,OR,Portland,05/19/2015,Female
96282076,19/07/2000,219,US,USD,self-employed,549589,Standard,married,TX,Dallas,06/13/2019,Female
64702947,10/11/2002,620,US,USD,employed,657948,behavioral,separated,AZ,Phoenix,07/07/2015,Male
67495034,10/02/1999,565,US,USD,employed,908734,behavioral,single,TX,El Paso,03/17/2020,Male
38641231,25/06/2003,996,US,USD,self-employed,1926542,behavioral,single,LA,Baton Rouge,08/25/2021,Male
19063200,18/02/2000,262,US,USD,unemployed,1125432,Standard,married,MO,Saint Louis,12/19/2015,Female
80933697,15/08/2001,25,US,USD,employed,170870,geographic,separated,CA,Bakersfield,05/02/2017,Male
18730761,03/03/1994,574,US,USD,self-employed,811412,psychographic,separated,MO,Kansas City,06/03/2020,Male
65224405,14/12/1998,731,US,USD,self-employed,1321250,behavioral,married,CA,Fresno,06/20/2020,Female
89357196,31/10/1991,406,US,USD,self-employed,1139557,Standard,single,IN,Gary,08/30/2017,Female
24995435,15/06/1991,694,US,USD,unemployed,925788,psychographic,separated,NJ,Newark,10/03/2021,Female
24676567,23/08/1989,265,US,USD,employed,582790,demographic,single,NY,Albany,05/20/2015,Male
91960406,16/02/2000,135,US,USD,self-employed,922554,demographic,separated,TX,Wichita Falls,10/04/2018,Non-binary
71751301,17/09/1993,326,US,USD,unemployed,452837,demographic,married,CA,Oakland,11/21/2019,Male
37701186,28/08/2001,486,US,USD,employed,1651235,behavioral,single,LA,Baton Rouge,04/28/2020,Male
67442057,17/02/1995,599,US,USD,salaried,1219230,demographic,single,WA,Seattle,04/12/2017,Male
23889786,11/03/1991,975,US,USD,unemployed,1506847,geographic,separated,GA,Atlanta,03/20/2017,Female
84022909,08/02/2000,119,US,USD,employed,200588,geographic,married,MO,Kansas City,05/01/2021,Non-binary
68300807,11/08/2002,426,US,USD,self-employed,1144714,psychographic,married,GA,Lawrenceville,01/30/2015,Male
65574282,04/09/1992,688,US,USD,unemployed,1950195,demographic,married,NV,Las Vegas,05/20/2014,Male
73134321,18/04/1997,704,US,USD,unemployed,297414,demographic,separated,MO,Columbia,05/05/2019,Male
47266371,08/03/2005,559,US,USD,unemployed,452108,psychographic,married,MA,Springfield,01/04/2018,Female
47806780,30/11/1997,88,US,USD,unemployed,1359878,behavioral,single,MN,Minneapolis,06/18/2020,Female
55912449,02/07/1994,838,US,USD,employed,1068275,Standard,separated,TX,San Antonio,02/18/2020,Male
81699418,14/09/2000,702,US,USD,unemployed,1022281,behavioral,separated,PA,Philadelphia,10/17/2018,Male
45043796,11/11/1997,861,US,USD,self-employed,1618519,behavioral,married,NV,Las Vegas,08/03/2020,Male
15059857,02/12/1993,446,US,USD,unemployed,157592,demographic,single,PA,Pittsburgh,01/03/2018,Male
72538225,13/06/1999,548,US,USD,unemployed,1315572,psychographic,married,IN,Indianapolis,05/02/2014,Male
96894117,05/08/1991,457,US,USD,employed,758007,geographic,married,NY,Buffalo,09/15/2017,Male
50719581,06/06/2001,58,US,USD,unemployed,894916,psychographic,married,TX,Houston,10/30/2014,Male
66805856,29/05/1996,764,US,USD,salaried,1732685,Standard,single,MN,Saint Cloud,06/24/2017,Male
69051630,09/12/1989,866,US,USD,self-employed,1219698,geographic,single,NY,Jamaica,05/16/2018,Non-binary
76828517,17/09/1995,728,US,USD,unemployed,1657474,psychographic,separated,TX,Waco,02/09/2016,Female
26393813,11/09/2002,192,US,USD,salaried,1440946,demographic,married,NC,Durham,08/16/2018,Female
69184372,07/09/2002,404,US,USD,employed,321441,demographic,married,TX,El Paso,06/16/2018,Female
54635961,17/05/2001,480,US,USD,unemployed,1796503,geographic,single,OH,Mansfield,09/16/2020,Male
82070175,02/03/1998,953,US,USD,self-employed,1158152,geographic,single,VA,Reston,12/13/2017,Female
66104487,18/08/2000,243,US,USD,unemployed,1693506,psychographic,married,FL,Miami,01/31/2017,Female
79935208,17/12/1992,511,US,USD,employed,1861861,demographic,single,AK,Anchorage,09/04/2015,Genderfluid
22635562,13/04/2000,897,US,USD,unemployed,1899498,psychographic,married,CO,Littleton,09/01/2016,Male
11457623,30/06/1992,71,US,USD,employed,1391668,Standard,separated,NM,Albuquerque,07/02/2021,Female
15333411,03/09/2004,543,US,USD,employed,758250,geographic,married,MN,Duluth,10/03/2021,Male
86440559,27/06/1992,625,US,USD,salaried,451257,Standard,separated,NJ,New Brunswick,07/04/2017,Male
33667630,28/06/2003,197,US,USD,salaried,883340,Standard,separated,VA,Falls Church,02/03/2019,Female
51310155,15/05/1998,370,US,USD,self-employed,511484,behavioral,married,OH,Toledo,10/11/2019,Agender
50919888,28/11/1990,363,US,USD,employed,1211458,Standard,married,FL,Clearwater,01/10/2016,Male
71858531,07/03/2002,786,US,USD,unemployed,496182,psychographic,separated,NC,Charlotte,07/03/2015,Non-binary
18127825,16/06/1995,242,US,USD,self-employed,1776104,geographic,married,KS,Wichita,06/17/2014,Male
35970963,26/05/2004,329,US,USD,salaried,1851851,behavioral,single,KS,Topeka,01/31/2016,Female
77549652,26/09/1995,504,US,USD,salaried,1538020,demographic,separated,DC,Washington,05/14/2014,Female
82468283,18/07/1999,820,US,USD,employed,282171,psychographic,separated,FL,Fort Myers,09/14/2019,Male
39295227,22/05/2002,411,US,USD,salaried,668848,geographic,married,CA,Santa Monica,11/19/2019,Female
37769844,04/01/1993,57,US,USD,employed,1709788,Standard,single,TX,Spring,12/31/2017,Female
49928395,21/07/1998,319,US,USD,employed,147996,psychographic,separated,AL,Huntsville,12/01/2020,Male
46111326,11/09/1997,239,US,USD,self-employed,1909797,psychographic,separated,KY,Louisville,10/18/2016,Female
50079602,06/08/2000,732,US,USD,salaried,1817868,Standard,married,CA,Sacramento,04/07/2016,Male
51902785,21/05/1989,515,US,USD,salaried,402850,psychographic,single,AK,Fairbanks,12/08/2015,Female
94631573,31/08/1999,411,US,USD,salaried,550301,Standard,separated,FL,Largo,02/27/2019,Male
96094928,05/06/1994,833,US,USD,unemployed,1138732,psychographic,married,NY,New York City,06/06/2017,Female
22031763,16/11/2003,262,US,USD,employed,1329931,geographic,married,MA,Springfield,08/25/2015,Male
43565305,07/11/2001,882,US,USD,self-employed,233902,psychographic,single,TN,Memphis,07/14/2019,Male
92242655,12/12/2003,360,US,USD,salaried,686659,demographic,separated,IA,Des Moines,09/09/2014,Female
78158360,18/04/1991,860,US,USD,unemployed,1555514,psychographic,single,WA,Yakima,10/11/2014,Female
21458175,30/12/2003,46,US,USD,self-employed,788178,Standard,separated,FL,Daytona Beach,10/19/2020,Female
76332312,15/07/2000,863,US,USD,employed,140749,psychographic,single,VA,Ashburn,12/20/2016,Female
49682653,01/01/2000,557,US,USD,employed,1640915,geographic,married,NY,Buffalo,07/05/2020,Male
13754796,23/03/2002,128,US,USD,employed,347407,behavioral,single,NV,North Las Vegas,10/19/2014,Male
78144243,08/04/1995,240,US,USD,salaried,1562761,geographic,separated,SC,Greenville,04/25/2020,Male
24552496,11/06/2003,137,US,USD,employed,218270,psychographic,separated,PA,Harrisburg,02/16/2018,Male
50223233,24/07/1990,271,US,USD,unemployed,1325568,behavioral,married,GA,Savannah,03/05/2016,Female
79995551,03/06/1993,545,US,USD,employed,1513454,geographic,single,FL,Miami,03/20/2020,Female
39412173,21/03/2004,961,US,USD,unemployed,1622808,geographic,married,PA,Pittsburgh,03/22/2019,Agender
89248900,05/12/2004,587,US,USD,salaried,356664,demographic,married,MI,Grand Rapids,05/04/2018,Polygender
46077767,11/11/1994,671,US,USD,salaried,388516,psychographic,single,NY,Mount Vernon,02/25/2021,Male
50205009,22/12/1998,487,US,USD,self-employed,470583,behavioral,married,FL,Tallahassee,12/01/2018,Male
94886742,06/08/1994,588,US,USD,self-employed,1466673,geographic,married,TX,Amarillo,10/14/2016,Genderqueer
12066209,08/09/2003,895,US,USD,salaried,218944,psychographic,separated,VA,Arlington,02/15/2020,Female
14841767,04/03/2003,702,US,USD,salaried,22181,geographic,separated,IL,Joliet,04/05/2019,Female
70989326,22/03/1990,799,US,USD,salaried,1355378,Standard,separated,CA,Stockton,05/31/2014,Female
22501939,18/12/1989,256,US,USD,salaried,416229,demographic,married,GA,Lawrenceville,04/16/2021,Male
72615961,18/09/2001,930,US,USD,unemployed,355902,Standard,separated,FL,West Palm Beach,09/07/2017,Male
16519284,01/02/1998,402,US,USD,salaried,1230047,geographic,separated,MD,Silver Spring,08/29/2018,Male
22295397,23/04/1995,719,US,USD,employed,1269009,geographic,single,FL,Bradenton,03/02/2017,Bigender
31137312,13/11/2004,116,US,USD,self-employed,1756950,Standard,separated,TX,Waco,02/03/2021,Female
72628719,29/03/1995,258,US,USD,salaried,330098,behavioral,married,TN,Knoxville,08/04/2018,Male
19800967,22/06/2004,692,US,USD,unemployed,1398361,demographic,separated,KY,Migrate,06/12/2015,Male
27785751,12/08/1990,795,US,USD,employed,1344371,geographic,separated,CA,Santa Barbara,03/06/2020,Female
14832591,24/02/2000,759,US,USD,salaried,1744704,behavioral,separated,KS,Topeka,06/20/2021,Female
56851165,14/06/1998,82,US,USD,salaried,1658362,psychographic,married,IN,Lafayette,01/01/2020,Female
36109500,15/06/1994,760,US,USD,self-employed,1714735,behavioral,married,VA,Richmond,04/07/2020,Female
97194557,23/01/2005,261,US,USD,employed,391808,demographic,separated,TX,El Paso,04/07/2015,Female
87745785,10/04/1991,136,US,USD,self-employed,1334268,Standard,married,MI,Lansing,09/19/2016,Male
98345227,24/02/2002,827,US,USD,self-employed,148779,geographic,single,OK,Oklahoma City,02/13/2016,Female
81545402,12/05/1998,263,US,USD,employed,1474586,geographic,separated,MI,Lansing,02/14/2015,Female
40063465,07/12/1997,975,US,USD,unemployed,319716,geographic,single,FL,Pensacola,04/01/2021,Female
60661599,22/09/1995,368,US,USD,self-employed,647643,geographic,single,GA,Athens,04/28/2017,Female
15090724,27/05/1998,860,US,USD,employed,173586,demographic,married,VA,Charlottesville,02/25/2022,Male
72764158,04/02/2000,765,US,USD,unemployed,1303486,geographic,single,CA,Sacramento,10/10/2018,Female
70087818,18/09/1990,709,US,USD,unemployed,258079,Standard,married,OH,Akron,04/08/2016,Female
40905359,15/09/2000,300,US,USD,salaried,398914,psychographic,married,LA,Metairie,07/08/2016,Female
67374638,20/11/1994,866,US,USD,self-employed,1087817,psychographic,single,NY,Buffalo,05/13/2015,Male
90270756,26/08/2003,74,US,USD,unemployed,90023,psychographic,single,TX,Laredo,08/19/2018,Male
86561642,15/04/1997,326,US,USD,self-employed,1377987,psychographic,single,GA,Augusta,02/05/2015,Female
70898130,27/10/1997,639,US,USD,unemployed,468373,behavioral,single,CA,San Diego,08/21/2014,Female
27639295,23/04/1991,224,US,USD,unemployed,1227045,demographic,single,MO,Saint Louis,01/24/2015,Female
84527321,10/05/1999,543,US,USD,salaried,78647,geographic,separated,IA,Des Moines,10/25/2014,Female
54145621,04/05/2000,755,US,USD,employed,1280688,Standard,single,AZ,Phoenix,07/16/2018,Female
12118775,15/06/1992,1000,US,USD,unemployed,529015,geographic,single,NY,Rochester,09/30/2016,Male
53174427,15/02/1998,845,US,USD,employed,975238,geographic,single,AR,Little Rock,03/11/2019,Male
36263638,10/01/2001,802,US,USD,unemployed,1067728,demographic,single,CA,Sacramento,03/11/2016,Agender
58140145,08/12/1995,120,US,USD,unemployed,989217,demographic,married,CT,Waterbury,01/08/2016,Male
12193496,11/03/1998,263,US,USD,self-employed,1277135,geographic,married,TX,El Paso,06/22/2017,Male
79929743,15/12/1993,957,US,USD,salaried,61737,Standard,separated,FL,Miami,09/16/2019,Male
68609930,02/08/1995,38,US,USD,unemployed,1768799,demographic,single,UT,Salt Lake City,04/15/2017,Male
16274739,24/05/1989,437,US,USD,self-employed,243128,geographic,single,DC,Washington,11/22/2014,Male
58225403,16/09/1990,132,US,USD,self-employed,1397076,demographic,single,CA,San Francisco,04/10/2020,Male
50366916,19/10/2002,795,US,USD,salaried,372703,Standard,married,MN,Rochester,01/11/2018,Female
28941922,28/02/1996,607,US,USD,salaried,202296,behavioral,single,MO,Saint Louis,04/15/2015,Male
91856414,16/09/1998,959,US,USD,unemployed,1438244,psychographic,single,NY,New York City,10/12/2021,Male
31219646,01/01/2000,633,US,USD,salaried,25192,geographic,single,NC,Charlotte,03/02/2016,Male
11213234,30/03/2003,581,US,USD,employed,1452047,geographic,separated,MA,Boston,06/23/2018,Female
82122131,30/05/1994,365,US,USD,employed,170230,Standard,single,AL,Mobile,09/12/2016,Male
81067503,10/07/2004,662,US,USD,unemployed,1849168,behavioral,married,AL,Birmingham,08/20/2015,Female
44924701,19/12/1999,943,US,USD,salaried,554872,demographic,separated,CA,Los Angeles,09/25/2021,Female
79046389,16/11/1999,374,US,USD,unemployed,1972455,behavioral,married,FL,Boca Raton,06/20/2021,Female
96601192,09/10/2003,625,US,USD,self-employed,422623,demographic,single,NY,Buffalo,11/21/2019,Female
77920727,20/01/2000,45,US,USD,employed,11424,geographic,single,NY,New York City,05/09/2017,Female
86999678,23/06/1996,522,US,USD,salaried,1819914,demographic,married,WI,Milwaukee,11/22/2017,Female
40696045,08/01/1996,198,US,USD,employed,1643650,demographic,married,TX,Houston,05/30/2017,Genderqueer
76914246,21/06/1995,767,US,USD,self-employed,1324499,demographic,married,KY,Lexington,10/08/2018,Female
40381771,15/03/2003,24,US,USD,unemployed,1797502,psychographic,single,TN,Kingsport,04/16/2017,Genderqueer
71317735,22/08/2000,859,US,USD,salaried,372947,behavioral,single,TX,Houston,10/15/2017,Female
27743320,01/09/2003,238,US,USD,salaried,1534667,demographic,separated,WV,Huntington,03/17/2020,Male
59204166,18/11/2002,78,US,USD,salaried,158780,geographic,married,SC,Greenville,08/25/2018,Male
54769473,20/12/1995,396,US,USD,employed,814630,geographic,single,IL,Aurora,09/01/2018,Male
11753420,18/02/2004,35,US,USD,employed,1570428,demographic,separated,MA,Waltham,08/07/2019,Bigender
80982575,07/06/1992,862,US,USD,employed,617310,psychographic,married,HI,Honolulu,06/15/2017,Male
66374262,24/12/1993,149,US,USD,unemployed,1892721,psychographic,single,PA,Erie,01/17/2017,Male
70981103,18/06/1999,433,US,USD,employed,887297,demographic,married,TX,Dallas,01/10/2015,Female
41468798,11/12/1994,112,US,USD,unemployed,1977851,behavioral,single,CA,Sacramento,01/17/2016,Female
71697690,18/09/1997,989,US,USD,employed,1312002,Standard,single,DC,Washington,07/11/2014,Female
76017450,29/08/2001,987,US,USD,self-employed,726242,demographic,separated,LA,Baton Rouge,01/28/2015,Male
62690210,14/09/2003,430,US,USD,salaried,1600160,Standard,married,NC,Charlotte,05/09/2014,Female
39360950,01/12/1994,116,US,USD,salaried,953474,geographic,married,CA,Ventura,09/22/2018,Male
55640394,15/12/2000,627,US,USD,unemployed,316150,Standard,separated,TX,Wichita Falls,09/06/2020,Non-binary
17406039,20/05/1995,771,US,USD,self-employed,672235,Standard,single,IA,Des Moines,01/05/2016,Female
85874327,06/12/2002,116,US,USD,unemployed,899383,Standard,married,TX,Houston,04/15/2020,Genderqueer
86832532,23/02/2003,237,US,USD,unemployed,751230,Standard,single,CA,San Rafael,02/07/2021,Female
84384579,10/04/2001,128,US,USD,self-employed,1440768,behavioral,single,CA,Stockton,11/09/2015,Female
73287726,16/03/2005,819,US,USD,unemployed,1151409,geographic,married,AK,Anchorage,01/22/2016,Male
29830351,23/12/2003,818,US,USD,unemployed,1599699,behavioral,married,VA,Arlington,04/01/2019,Female
78907768,02/03/1993,838,US,USD,self-employed,41316,demographic,separated,WA,Seattle,11/12/2016,Male
55254565,23/11/1995,183,US,USD,employed,1231938,geographic,married,FL,Jacksonville,01/23/2016,Male
55089751,10/04/2003,75,US,USD,unemployed,231731,geographic,separated,NC,Charlotte,05/28/2019,Genderqueer
79307102,29/06/1989,913,US,USD,employed,1748374,demographic,single,TX,Houston,12/15/2014,Female
81534373,27/12/1999,411,US,USD,self-employed,561534,demographic,single,TX,San Antonio,03/24/2021,Female
92519971,16/10/2001,958,US,USD,salaried,1106808,behavioral,married,PA,Pittsburgh,08/18/2016,Male
71218909,04/08/2003,771,US,USD,salaried,1778387,Standard,separated,AL,Huntsville,05/16/2020,Female
19037010,25/03/2000,79,US,USD,employed,1377384,behavioral,single,IA,Davenport,08/08/2021,Polygender
85791832,23/01/2004,1000,US,USD,employed,1147813,Standard,single,DC,Washington,05/31/2016,Female
64324918,04/03/2005,514,US,USD,employed,1217237,behavioral,separated,CA,Fresno,01/11/2019,Male
31143866,20/05/1999,341,US,USD,unemployed,15295,psychographic,single,NY,New York City,03/20/2017,Male
40019669,17/06/1997,688,US,USD,self-employed,1865404,psychographic,married,GA,Atlanta,04/19/2015,Male
26203377,11/09/2002,635,US,USD,unemployed,1921421,psychographic,single,MN,Young America,06/28/2019,Female
71120295,16/09/1996,817,US,USD,employed,86383,Standard,single,FL,Tampa,03/17/2022,Genderqueer
14210307,25/10/1995,736,US,USD,self-employed,209977,behavioral,single,FL,Daytona Beach,06/23/2017,Non-binary
45899816,09/02/1994,435,US,USD,employed,1542233,psychographic,separated,TN,Memphis,08/29/2014,Female
37900988,05/04/1993,185,US,USD,salaried,103834,demographic,married,NY,New York City,05/07/2019,Male
74457572,30/12/1999,299,US,USD,salaried,192559,behavioral,single,PA,Pittsburgh,04/02/2017,Female
14077276,13/10/2002,734,US,USD,unemployed,1207915,psychographic,single,TX,Houston,03/31/2016,Female
77035365,03/02/2003,302,US,USD,self-employed,992814,geographic,separated,PA,Pittsburgh,08/13/2019,Female
84079633,23/02/1996,719,US,USD,self-employed,998966,behavioral,married,DC,Washington,03/17/2015,Female
66088453,12/04/2002,696,US,USD,employed,1125398,Standard,married,FL,North Port,01/26/2018,Female
54829481,17/03/2000,662,US,USD,employed,85740,behavioral,separated,TX,Houston,08/01/2016,Female
27327173,23/11/1996,906,US,USD,employed,662320,Standard,single,WV,Huntington,03/01/2021,Female
99487550,23/10/1990,61,US,USD,unemployed,1132450,geographic,separated,TX,Houston,04/26/2017,Female
50995129,29/10/1998,659,US,USD,self-employed,1375756,behavioral,separated,MO,Saint Louis,09/16/2018,Male
48748383,02/08/1992,439,US,USD,employed,844976,Standard,married,NC,Charlotte,06/12/2018,Female
78038144,10/05/2003,657,US,USD,employed,1809309,geographic,married,IL,Peoria,12/25/2014,Female
91807233,21/07/1992,709,US,USD,employed,918777,geographic,married,OH,Cincinnati,07/05/2015,Genderqueer
69834499,02/01/1991,437,US,USD,salaried,657155,demographic,married,PA,Philadelphia,07/24/2021,Male
14137301,30/07/1998,747,US,USD,salaried,170805,behavioral,married,MD,Silver Spring,07/30/2016,Male
59896659,12/02/1999,774,US,USD,employed,226870,Standard,married,NC,Gastonia,06/24/2019,Male
65375661,23/10/2004,733,US,USD,salaried,1676236,geographic,married,FL,Ocala,03/02/2022,Female
18678999,26/06/1992,660,US,USD,self-employed,1246583,geographic,married,CA,Fresno,02/05/2022,Female
18541173,08/10/1993,686,US,USD,salaried,813227,psychographic,separated,GA,Athens,09/12/2020,Female
81172136,25/12/2004,645,US,USD,unemployed,1171738,geographic,separated,CA,Lancaster,04/16/2021,Male
92462382,07/01/2002,928,US,USD,unemployed,136438,Standard,single,OH,Toledo,09/13/2016,Male
54142990,01/11/2002,38,US,USD,unemployed,1360736,behavioral,single,KS,Shawnee Mission,04/01/2022,Female
14257897,06/05/1999,841,US,USD,employed,1208531,behavioral,separated,VA,Richmond,12/06/2016,Male
53773806,05/05/1993,869,US,USD,unemployed,1024874,psychographic,married,SC,Columbia,05/01/2021,Female
74982758,17/11/1994,516,US,USD,salaried,189736,psychographic,separated,FL,Lake Worth,08/01/2019,Female
52410376,15/11/1992,15,US,USD,unemployed,1497627,behavioral,separated,NY,Albany,07/21/2014,Female
56839776,22/01/1999,942,US,USD,salaried,889843,behavioral,married,OH,Hamilton,12/02/2021,Male
98949972,15/05/1992,694,US,USD,unemployed,1691533,psychographic,married,MI,Midland,08/22/2018,Male
47955421,12/02/1995,520,US,USD,employed,1642642,demographic,single,WI,Madison,02/06/2021,Female
99474736,24/04/1993,284,US,USD,unemployed,811294,demographic,separated,TX,Houston,06/13/2016,Male
11602997,28/12/2004,148,US,USD,self-employed,1809343,Standard,single,PA,Philadelphia,01/13/2015,Male
70084303,27/09/1999,553,US,USD,employed,259955,Standard,separated,MN,Monticello,04/15/2016,Male
20703937,11/02/1998,829,US,USD,unemployed,1426306,psychographic,single,LA,Shreveport,05/20/2018,Genderfluid
49948989,09/12/1996,317,US,USD,employed,1321078,behavioral,married,NM,Albuquerque,06/17/2020,Female
61040836,05/08/2002,804,US,USD,employed,1193395,psychographic,separated,NY,Bronx,11/06/2019,Male
21605629,27/10/1998,887,US,USD,salaried,55908,psychographic,married,MO,Kansas City,03/21/2016,Agender
67142733,23/07/1998,914,US,USD,self-employed,1839905,geographic,single,CA,Santa Ana,03/16/2018,Male
40330951,01/08/1989,957,US,USD,salaried,710466,psychographic,married,CO,Denver,04/13/2019,Genderfluid
55650357,26/05/2001,683,US,USD,unemployed,803706,Standard,single,CA,Anaheim,04/13/2014,Female
96515051,08/01/2004,170,US,USD,salaried,1270138,behavioral,married,FL,Miami,04/11/2021,Genderqueer
60677693,13/12/1992,303,US,USD,employed,1401359,Standard,single,NY,New York City,11/20/2021,Polygender
41583642,01/09/2000,45,US,USD,salaried,508598,geographic,separated,GA,Alpharetta,05/25/2015,Female
61916880,11/03/1998,781,US,USD,unemployed,872316,demographic,separated,VA,Fairfax,07/11/2021,Female
49731241,20/11/1992,977,US,USD,unemployed,1343874,Standard,single,MS,Meridian,05/25/2020,Male
17921098,24/07/1998,765,US,USD,employed,1603354,demographic,married,GA,Columbus,05/01/2018,Female
31917737,18/01/2005,750,US,USD,unemployed,1342506,behavioral,married,TX,Houston,04/27/2018,Female
51773150,10/03/1990,226,US,USD,self-employed,1468166,psychographic,separated,UT,Provo,12/30/2016,Male
12373556,13/12/2004,723,US,USD,salaried,1979015,psychographic,married,GA,Atlanta,12/17/2020,Female
16896378,20/11/1998,37,US,USD,self-employed,132180,psychographic,married,IL,Chicago,02/09/2020,Male
66025785,29/07/1998,372,US,USD,self-employed,276564,demographic,separated,IN,Crawfordsville,11/17/2018,Male
33343970,13/05/1992,855,US,USD,salaried,1711850,Standard,married,TN,Murfreesboro,04/20/2021,Female
64564267,04/09/2003,73,US,USD,salaried,1221607,behavioral,single,FL,Sarasota,11/13/2014,Male
36292478,10/09/1997,555,US,USD,unemployed,1244148,Standard,single,FL,Daytona Beach,10/18/2019,Female
23724455,28/02/2001,655,US,USD,unemployed,615850,behavioral,married,TX,El Paso,05/23/2015,Genderqueer
92213692,05/09/1990,79,US,USD,employed,1064392,behavioral,single,PA,Erie,05/05/2021,Male
39373707,09/09/2002,713,US,USD,employed,1505281,behavioral,single,OH,Columbus,04/30/2018,Female
73070269,25/02/1991,772,US,USD,salaried,1838994,psychographic,married,VA,Herndon,04/24/2016,Male
81287562,12/08/1992,394,US,USD,unemployed,304969,psychographic,single,WV,Charleston,12/18/2018,Female
70962402,21/09/1990,944,US,USD,self-employed,1993072,psychographic,married,NY,Albany,11/02/2021,Female
54922611,17/11/1993,174,US,USD,self-employed,348455,behavioral,single,OH,Youngstown,04/17/2019,Female
17153495,03/06/1989,950,US,USD,employed,145023,psychographic,single,TX,Wichita Falls,07/06/2015,Female
90178113,28/02/1994,607,US,USD,unemployed,1580163,behavioral,single,KY,Louisville,09/22/2014,Female
32594442,22/11/1992,547,US,USD,salaried,887637,demographic,single,MA,Newton,08/04/2015,Bigender
45661951,17/05/1989,994,US,USD,self-employed,603463,behavioral,single,PA,Harrisburg,04/27/2019,Female
19633390,24/03/1991,357,US,USD,unemployed,33853,behavioral,single,CO,Denver,07/10/2019,Female
32028879,13/12/1991,8,US,USD,self-employed,1341147,demographic,married,NE,Lincoln,01/24/2017,Male
87392235,08/01/2001,83,US,USD,self-employed,1298409,geographic,single,TX,San Antonio,08/11/2014,Female
88654089,22/12/2004,897,US,USD,salaried,1786164,geographic,single,PA,Pittsburgh,10/20/2021,Female
25393222,29/06/2002,273,US,USD,unemployed,1772628,Standard,married,NV,Las Vegas,07/06/2020,Male
59048370,23/10/1989,895,US,USD,employed,141329,demographic,separated,KY,Lexington,01/04/2020,Female
63657644,18/09/1992,475,US,USD,self-employed,1918280,geographic,married,WI,Madison,04/06/2022,Male
73494864,22/04/2003,890,US,USD,self-employed,505654,psychographic,single,TX,Houston,08/31/2019,Male
93000656,04/02/2003,612,US,USD,unemployed,1863662,behavioral,separated,TX,San Antonio,07/30/2020,Male
86876437,11/10/1998,88,US,USD,unemployed,1354979,geographic,married,MN,Young America,03/06/2018,Female
27645988,05/05/2004,365,US,USD,self-employed,563547,behavioral,married,KY,Louisville,07/07/2016,Female
75336929,21/09/1992,948,US,USD,employed,1284710,demographic,single,CA,Sacramento,06/22/2021,Male
22599727,25/12/1995,257,US,USD,self-employed,110544,behavioral,separated,NJ,Trenton,12/12/2019,Female
81583746,26/06/2003,254,US,USD,employed,1713656,Standard,married,WV,Charleston,10/18/2018,Male
80118863,09/05/2004,599,US,USD,salaried,1542520,geographic,separated,OH,Dayton,02/08/2019,Agender
57693256,05/03/1994,394,US,USD,employed,948337,psychographic,single,KY,Lexington,11/25/2017,Female
36734254,14/12/1996,331,US,USD,salaried,856112,Standard,single,CT,Danbury,12/09/2017,Male
97371496,27/03/1991,171,US,USD,employed,719250,Standard,single,AR,Fort Smith,07/18/2018,Female
86974215,31/03/1995,698,US,USD,salaried,633425,demographic,single,PA,Philadelphia,06/29/2018,Female
50523103,06/04/2004,438,US,USD,unemployed,427252,demographic,single,MN,Minneapolis,04/04/2019,Male
68916366,03/05/1990,381,US,USD,unemployed,126705,geographic,married,FL,Miami,10/14/2015,Male
90477663,25/03/1998,79,US,USD,self-employed,1953996,Standard,separated,TX,Amarillo,08/24/2018,Male
79332109,25/12/2001,380,US,USD,self-employed,1082388,behavioral,single,PA,Pittsburgh,08/27/2014,Male
71149528,10/09/1995,499,US,USD,unemployed,1819988,Standard,separated,CA,Alhambra,01/10/2021,Female
22057563,27/08/2000,619,US,USD,employed,1976987,Standard,separated,NV,Sparks,08/24/2014,Male
35380034,23/01/1997,458,US,USD,self-employed,794325,behavioral,separated,MO,Kansas City,04/21/2016,Agender
96514260,09/02/1990,589,US,USD,unemployed,369904,Standard,married,TN,Chattanooga,05/14/2020,Male
25670769,18/12/1989,236,US,USD,self-employed,1670475,behavioral,separated,CA,Stockton,02/20/2019,Female
89544468,19/01/2005,198,US,USD,unemployed,381211,geographic,married,TX,Galveston,07/12/2017,Female
75495419,15/02/2002,991,US,USD,employed,229166,psychographic,married,CA,Orange,11/11/2014,Male
65992076,19/09/2004,110,US,USD,employed,895709,psychographic,separated,TX,Dallas,06/11/2020,Female
67052965,02/04/1996,551,US,USD,self-employed,869635,demographic,single,FL,Tampa,05/25/2015,Female
74589289,27/11/1996,390,US,USD,unemployed,53979,psychographic,married,IN,Fort Wayne,01/23/2015,Male
22715183,24/11/1997,830,US,USD,salaried,830309,behavioral,separated,MO,Saint Joseph,07/21/2020,Male
90332969,08/05/2000,730,US,USD,self-employed,175529,Standard,single,AL,Mobile,09/27/2019,Female
34982269,19/02/1996,50,US,USD,employed,882727,psychographic,single,CA,Chula Vista,01/31/2018,Male
38525235,01/12/1995,960,US,USD,unemployed,656164,behavioral,separated,IA,Waterloo,04/27/2020,Male
16135239,25/09/1997,387,US,USD,unemployed,939704,demographic,married,NY,Brooklyn,11/21/2016,Male
63657643,27/02/2002,101,US,USD,self-employed,1883767,demographic,single,VA,Dulles,02/15/2019,Male
81781882,27/01/2000,135,US,USD,salaried,1200707,psychographic,single,PA,Philadelphia,06/28/2014,Female
88914956,16/08/1994,734,US,USD,self-employed,910124,behavioral,separated,LA,Monroe,02/02/2016,Male
59744848,05/03/1999,713,US,USD,employed,1401283,Standard,single,NY,Rochester,03/10/2017,Female
34272326,28/08/2004,175,US,USD,self-employed,1985362,Standard,married,IN,Anderson,02/19/2016,Female
80102395,16/09/2002,855,US,USD,unemployed,1420513,psychographic,separated,OH,Cleveland,12/21/2014,Female
99448550,26/03/1991,394,US,USD,salaried,987679,Standard,single,NY,Jamaica,05/02/2016,Female
14636133,19/03/2001,608,US,USD,salaried,936547,geographic,single,TX,College Station,04/02/2016,Male
96341637,17/02/1994,634,US,USD,salaried,452157,demographic,single,TX,San Antonio,10/23/2019,Female
48377314,01/05/1991,826,US,USD,employed,658430,psychographic,single,AL,Huntsville,11/26/2021,Female
20771062,27/05/2003,36,US,USD,self-employed,952000,behavioral,single,NJ,Jersey City,11/26/2019,Male
43545920,03/06/1989,233,US,USD,salaried,536492,demographic,married,MA,Worcester,01/18/2015,Male
34733179,08/09/2004,48,US,USD,employed,1078688,demographic,separated,FL,Saint Petersburg,07/27/2015,Male
14449531,29/12/1998,987,US,USD,self-employed,497912,geographic,married,NY,Staten Island,02/16/2018,Female
36359305,23/02/1992,766,US,USD,unemployed,1384665,demographic,separated,CO,Colorado Springs,10/01/2016,Female
23086212,28/02/1992,987,US,USD,salaried,107548,demographic,married,KY,Lexington,03/16/2021,Female
60766148,22/07/2002,114,US,USD,employed,1636302,geographic,married,SC,Spartanburg,05/20/2018,Female
58126609,12/05/1998,296,US,USD,unemployed,1593957,demographic,single,VA,Norfolk,01/09/2018,Male
96872068,30/12/2001,137,US,USD,unemployed,920632,Standard,married,IL,Chicago,01/23/2019,Male
57811221,20/09/1990,195,US,USD,employed,958344,geographic,separated,VA,Alexandria,06/09/2015,Polygender
46934947,26/01/2002,273,US,USD,employed,1532658,behavioral,separated,VA,Lynchburg,12/01/2019,Female
32016130,21/11/1992,360,US,USD,employed,244180,behavioral,separated,TX,Austin,01/06/2020,Female
86054551,03/01/1999,829,US,USD,self-employed,930979,psychographic,separated,NY,New York City,06/03/2014,Female
58864138,22/05/1992,324,US,USD,unemployed,51809,demographic,married,WI,Madison,02/14/2016,Male
